-- liquibase formatted sql

-- changeset whoiszxl:1
-- comment 初始化product表数据

INSERT INTO `pms_sku` (`id`, `spu_id`, `sku_name`, `sku_img`, `sale_price`, `promotion_price`, `sku_code`, `version`, `is_deleted`, `created_by`, `updated_by`, `created_at`, `updated_at`) VALUES (1, 1, '午夜色-128GB', '//img14.360buyimg.com/n4/jfs/t1/199225/34/30068/32005/637740c0E3c5037fe/bbbe33683b1055e8.jpg', 5999.00, 5999.00, '1#1-1&2-6', 1, 0, '', '', '2022-11-21 14:31:31', '2022-11-21 14:52:35');
INSERT INTO `pms_sku` (`id`, `spu_id`, `sku_name`, `sku_img`, `sale_price`, `promotion_price`, `sku_code`, `version`, `is_deleted`, `created_by`, `updated_by`, `created_at`, `updated_at`) VALUES (2, 1, '星光色-128GB', '//img14.360buyimg.com/n4/jfs/t1/10685/29/20276/33622/637740f0E4fa18337/0dbf729996cc490c.jpg', 5999.00, 5999.00, '1#1-2&2-6', 1, 0, '', '', '2022-11-21 14:31:31', '2022-11-21 14:53:20');
INSERT INTO `pms_sku` (`id`, `spu_id`, `sku_name`, `sku_img`, `sale_price`, `promotion_price`, `sku_code`, `version`, `is_deleted`, `created_by`, `updated_by`, `created_at`, `updated_at`) VALUES (3, 1, '紫色-128GB', '//img14.360buyimg.com/n4/jfs/t1/203031/12/29450/34184/6377410eE3d586cb7/f68117f493819d55.jpg', 5999.00, 5999.00, '1#1-3&2-6', 1, 0, '', '', '2022-11-21 14:31:31', '2022-11-21 14:53:21');
INSERT INTO `pms_sku` (`id`, `spu_id`, `sku_name`, `sku_img`, `sale_price`, `promotion_price`, `sku_code`, `version`, `is_deleted`, `created_by`, `updated_by`, `created_at`, `updated_at`) VALUES (4, 1, '蓝色-128GB', '//img14.360buyimg.com/n4/jfs/t1/190575/31/30654/35557/6377409eEff592efd/540b9cba21cd2483.jpg', 5999.00, 5999.00, '1#1-4&2-6', 1, 0, '', '', '2022-11-21 14:31:31', '2022-11-21 14:53:24');
INSERT INTO `pms_sku` (`id`, `spu_id`, `sku_name`, `sku_img`, `sale_price`, `promotion_price`, `sku_code`, `version`, `is_deleted`, `created_by`, `updated_by`, `created_at`, `updated_at`) VALUES (5, 1, '红色-128GB', '//img14.360buyimg.com/n4/jfs/t1/197371/11/29411/40521/63774077Eec81f85b/fc3a9ef153419a1d.jpg', 5999.00, 5999.00, '1#1-5&2-6', 1, 0, '', '', '2022-11-21 14:31:31', '2022-11-21 14:53:27');
INSERT INTO `pms_sku` (`id`, `spu_id`, `sku_name`, `sku_img`, `sale_price`, `promotion_price`, `sku_code`, `version`, `is_deleted`, `created_by`, `updated_by`, `created_at`, `updated_at`) VALUES (6, 1, '午夜色-256GB', '//img14.360buyimg.com/n4/jfs/t1/199225/34/30068/32005/637740c0E3c5037fe/bbbe33683b1055e8.jpg', 6899.00, 6899.00, '1#1-1&2-7', 1, 0, '', '', '2022-11-21 14:31:31', '2022-11-22 17:40:48');
INSERT INTO `pms_sku` (`id`, `spu_id`, `sku_name`, `sku_img`, `sale_price`, `promotion_price`, `sku_code`, `version`, `is_deleted`, `created_by`, `updated_by`, `created_at`, `updated_at`) VALUES (7, 1, '星光色-256GB', '//img14.360buyimg.com/n4/jfs/t1/10685/29/20276/33622/637740f0E4fa18337/0dbf729996cc490c.jpg', 6899.00, 6899.00, '1#1-2&2-7', 1, 0, '', '', '2022-11-21 14:31:31', '2022-11-22 17:40:50');
INSERT INTO `pms_sku` (`id`, `spu_id`, `sku_name`, `sku_img`, `sale_price`, `promotion_price`, `sku_code`, `version`, `is_deleted`, `created_by`, `updated_by`, `created_at`, `updated_at`) VALUES (8, 1, '紫色-256GB', '//img14.360buyimg.com/n4/jfs/t1/203031/12/29450/34184/6377410eE3d586cb7/f68117f493819d55.jpg', 6899.00, 6899.00, '1#1-3&2-7', 1, 0, '', '', '2022-11-21 14:31:31', '2022-11-22 17:40:51');
INSERT INTO `pms_sku` (`id`, `spu_id`, `sku_name`, `sku_img`, `sale_price`, `promotion_price`, `sku_code`, `version`, `is_deleted`, `created_by`, `updated_by`, `created_at`, `updated_at`) VALUES (9, 1, '蓝色-256GB', '//img14.360buyimg.com/n4/jfs/t1/190575/31/30654/35557/6377409eEff592efd/540b9cba21cd2483.jpg', 6899.00, 6899.00, '1#1-4&2-7', 1, 0, '', '', '2022-11-21 14:31:31', '2022-11-22 17:40:52');
INSERT INTO `pms_sku` (`id`, `spu_id`, `sku_name`, `sku_img`, `sale_price`, `promotion_price`, `sku_code`, `version`, `is_deleted`, `created_by`, `updated_by`, `created_at`, `updated_at`) VALUES (10, 1, '红色-256GB', '//img14.360buyimg.com/n4/jfs/t1/197371/11/29411/40521/63774077Eec81f85b/fc3a9ef153419a1d.jpg', 6899.00, 6899.00, '1#1-5&2-7', 1, 0, '', '', '2022-11-21 14:31:31', '2022-11-22 17:40:53');
INSERT INTO `pms_sku` (`id`, `spu_id`, `sku_name`, `sku_img`, `sale_price`, `promotion_price`, `sku_code`, `version`, `is_deleted`, `created_by`, `updated_by`, `created_at`, `updated_at`) VALUES (11, 2, '黑色-8GB+128GB', '//img14.360buyimg.com/n4/jfs/t1/49163/19/19978/102423/62c2bff3E12cb0983/402165a7bf2c84e5.jpg', 2999.00, 2999.00, '2#1-8&4-9', 1, 0, '', '', '2022-11-22 17:52:23', '2022-11-22 17:57:51');
INSERT INTO `pms_sku` (`id`, `spu_id`, `sku_name`, `sku_img`, `sale_price`, `promotion_price`, `sku_code`, `version`, `is_deleted`, `created_by`, `updated_by`, `created_at`, `updated_at`) VALUES (12, 2, '黑色-12GB+256GB', '//img14.360buyimg.com/n4/jfs/t1/105870/29/34188/45051/63773538Ef9ac0221/393261931108d053.jpg', 3499.00, 3499.00, '2#1-8&4-10', 1, 0, '', '', '2022-11-22 17:52:23', '2022-11-22 17:57:56');
INSERT INTO `pms_sku` (`id`, `spu_id`, `sku_name`, `sku_img`, `sale_price`, `promotion_price`, `sku_code`, `version`, `is_deleted`, `created_by`, `updated_by`, `created_at`, `updated_at`) VALUES (13, 2, '蓝色-8GB+128GB', '//img14.360buyimg.com/n4/jfs/t1/91127/17/30168/114964/62c2c075E7a2205af/4ef1daa8639dec8a.jpg', 2999.00, 2999.00, '2#1-4&4-9', 1, 0, '', '', '2022-11-22 17:52:23', '2022-11-22 17:58:23');
INSERT INTO `pms_sku` (`id`, `spu_id`, `sku_name`, `sku_img`, `sale_price`, `promotion_price`, `sku_code`, `version`, `is_deleted`, `created_by`, `updated_by`, `created_at`, `updated_at`) VALUES (14, 2, '蓝色-12GB+256GB', '//img14.360buyimg.com/n4/jfs/t1/15317/3/19794/43087/6377356aE3e68ed19/5f6d2f5896a7437f.jpg', 3499.00, 3499.00, '2#1-4&4-10', 1, 0, '', '', '2022-11-22 17:52:23', '2022-11-22 17:58:28');
INSERT INTO `pms_sku` (`id`, `spu_id`, `sku_name`, `sku_img`, `sale_price`, `promotion_price`, `sku_code`, `version`, `is_deleted`, `created_by`, `updated_by`, `created_at`, `updated_at`) VALUES (15, 3, '午夜色-128GB', '//img14.360buyimg.com/n4/jfs/t1/199225/34/30068/32005/637740c0E3c5037fe/bbbe33683b1055e8.jpg', 5999.00, 5999.00, '1#1-1&2-6', 1, 0, '', '', '2022-11-21 14:31:31', '2022-11-21 14:52:35');
INSERT INTO `pms_sku` (`id`, `spu_id`, `sku_name`, `sku_img`, `sale_price`, `promotion_price`, `sku_code`, `version`, `is_deleted`, `created_by`, `updated_by`, `created_at`, `updated_at`) VALUES (16, 3, '星光色-128GB', '//img14.360buyimg.com/n4/jfs/t1/10685/29/20276/33622/637740f0E4fa18337/0dbf729996cc490c.jpg', 5999.00, 5999.00, '1#1-2&2-6', 1, 0, '', '', '2022-11-21 14:31:31', '2022-11-21 14:53:20');
INSERT INTO `pms_sku` (`id`, `spu_id`, `sku_name`, `sku_img`, `sale_price`, `promotion_price`, `sku_code`, `version`, `is_deleted`, `created_by`, `updated_by`, `created_at`, `updated_at`) VALUES (17, 3, '紫色-128GB', '//img14.360buyimg.com/n4/jfs/t1/203031/12/29450/34184/6377410eE3d586cb7/f68117f493819d55.jpg', 5999.00, 5999.00, '1#1-3&2-6', 1, 0, '', '', '2022-11-21 14:31:31', '2022-11-21 14:53:21');
INSERT INTO `pms_sku` (`id`, `spu_id`, `sku_name`, `sku_img`, `sale_price`, `promotion_price`, `sku_code`, `version`, `is_deleted`, `created_by`, `updated_by`, `created_at`, `updated_at`) VALUES (18, 3, '蓝色-128GB', '//img14.360buyimg.com/n4/jfs/t1/190575/31/30654/35557/6377409eEff592efd/540b9cba21cd2483.jpg', 5999.00, 5999.00, '1#1-4&2-6', 1, 0, '', '', '2022-11-21 14:31:31', '2022-11-21 14:53:24');
INSERT INTO `pms_sku` (`id`, `spu_id`, `sku_name`, `sku_img`, `sale_price`, `promotion_price`, `sku_code`, `version`, `is_deleted`, `created_by`, `updated_by`, `created_at`, `updated_at`) VALUES (19, 3, '红色-128GB', '//img14.360buyimg.com/n4/jfs/t1/197371/11/29411/40521/63774077Eec81f85b/fc3a9ef153419a1d.jpg', 5999.00, 5999.00, '1#1-5&2-6', 1, 0, '', '', '2022-11-21 14:31:31', '2022-11-21 14:53:27');
INSERT INTO `pms_sku` (`id`, `spu_id`, `sku_name`, `sku_img`, `sale_price`, `promotion_price`, `sku_code`, `version`, `is_deleted`, `created_by`, `updated_by`, `created_at`, `updated_at`) VALUES (20, 3, '午夜色-256GB', '//img14.360buyimg.com/n4/jfs/t1/199225/34/30068/32005/637740c0E3c5037fe/bbbe33683b1055e8.jpg', 6899.00, 6899.00, '1#1-1&2-7', 1, 0, '', '', '2022-11-21 14:31:31', '2022-11-22 17:40:48');
INSERT INTO `pms_sku` (`id`, `spu_id`, `sku_name`, `sku_img`, `sale_price`, `promotion_price`, `sku_code`, `version`, `is_deleted`, `created_by`, `updated_by`, `created_at`, `updated_at`) VALUES (21, 3, '星光色-256GB', '//img14.360buyimg.com/n4/jfs/t1/10685/29/20276/33622/637740f0E4fa18337/0dbf729996cc490c.jpg', 6899.00, 6899.00, '1#1-2&2-7', 1, 0, '', '', '2022-11-21 14:31:31', '2022-11-22 17:40:50');
INSERT INTO `pms_sku` (`id`, `spu_id`, `sku_name`, `sku_img`, `sale_price`, `promotion_price`, `sku_code`, `version`, `is_deleted`, `created_by`, `updated_by`, `created_at`, `updated_at`) VALUES (22, 3, '紫色-256GB', '//img14.360buyimg.com/n4/jfs/t1/203031/12/29450/34184/6377410eE3d586cb7/f68117f493819d55.jpg', 6899.00, 6899.00, '1#1-3&2-7', 1, 0, '', '', '2022-11-21 14:31:31', '2022-11-22 17:40:51');
INSERT INTO `pms_sku` (`id`, `spu_id`, `sku_name`, `sku_img`, `sale_price`, `promotion_price`, `sku_code`, `version`, `is_deleted`, `created_by`, `updated_by`, `created_at`, `updated_at`) VALUES (23, 3, '蓝色-256GB', '//img14.360buyimg.com/n4/jfs/t1/190575/31/30654/35557/6377409eEff592efd/540b9cba21cd2483.jpg', 6899.00, 6899.00, '1#1-4&2-7', 1, 0, '', '', '2022-11-21 14:31:31', '2022-11-22 17:40:52');
INSERT INTO `pms_sku` (`id`, `spu_id`, `sku_name`, `sku_img`, `sale_price`, `promotion_price`, `sku_code`, `version`, `is_deleted`, `created_by`, `updated_by`, `created_at`, `updated_at`) VALUES (24, 3, '红色-256GB', '//img14.360buyimg.com/n4/jfs/t1/197371/11/29411/40521/63774077Eec81f85b/fc3a9ef153419a1d.jpg', 6899.00, 6899.00, '1#1-5&2-7', 1, 0, '', '', '2022-11-21 14:31:31', '2022-11-22 17:40:53');
INSERT INTO `pms_sku` (`id`, `spu_id`, `sku_name`, `sku_img`, `sale_price`, `promotion_price`, `sku_code`, `version`, `is_deleted`, `created_by`, `updated_by`, `created_at`, `updated_at`) VALUES (25, 4, '黑色-8GB+128GB', '//img14.360buyimg.com/n4/jfs/t1/49163/19/19978/102423/62c2bff3E12cb0983/402165a7bf2c84e5.jpg', 2999.00, 2999.00, '2#1-8&4-9', 1, 0, '', '', '2022-11-22 17:52:23', '2022-11-22 17:57:51');
INSERT INTO `pms_sku` (`id`, `spu_id`, `sku_name`, `sku_img`, `sale_price`, `promotion_price`, `sku_code`, `version`, `is_deleted`, `created_by`, `updated_by`, `created_at`, `updated_at`) VALUES (26, 4, '黑色-12GB+256GB', '//img14.360buyimg.com/n4/jfs/t1/105870/29/34188/45051/63773538Ef9ac0221/393261931108d053.jpg', 3499.00, 3499.00, '2#1-8&4-10', 1, 0, '', '', '2022-11-22 17:52:23', '2022-11-22 17:57:56');
INSERT INTO `pms_sku` (`id`, `spu_id`, `sku_name`, `sku_img`, `sale_price`, `promotion_price`, `sku_code`, `version`, `is_deleted`, `created_by`, `updated_by`, `created_at`, `updated_at`) VALUES (27, 4, '蓝色-8GB+128GB', '//img14.360buyimg.com/n4/jfs/t1/91127/17/30168/114964/62c2c075E7a2205af/4ef1daa8639dec8a.jpg', 2999.00, 2999.00, '2#1-4&4-9', 1, 0, '', '', '2022-11-22 17:52:23', '2022-11-22 17:58:23');
INSERT INTO `pms_sku` (`id`, `spu_id`, `sku_name`, `sku_img`, `sale_price`, `promotion_price`, `sku_code`, `version`, `is_deleted`, `created_by`, `updated_by`, `created_at`, `updated_at`) VALUES (28, 4, '蓝色-12GB+256GB', '//img14.360buyimg.com/n4/jfs/t1/15317/3/19794/43087/6377356aE3e68ed19/5f6d2f5896a7437f.jpg', 3499.00, 3499.00, '2#1-4&4-10', 1, 0, '', '', '2022-11-22 17:52:23', '2022-11-22 17:58:28');
INSERT INTO `pms_sku` (`id`, `spu_id`, `sku_name`, `sku_img`, `sale_price`, `promotion_price`, `sku_code`, `version`, `is_deleted`, `created_by`, `updated_by`, `created_at`, `updated_at`) VALUES (29, 5, '黑色-8GB+128GB', '//img14.360buyimg.com/n4/jfs/t1/49163/19/19978/102423/62c2bff3E12cb0983/402165a7bf2c84e5.jpg', 2999.00, 2999.00, '2#1-8&4-9', 1, 0, '', '', '2022-11-22 17:52:23', '2022-11-22 17:57:51');
INSERT INTO `pms_sku` (`id`, `spu_id`, `sku_name`, `sku_img`, `sale_price`, `promotion_price`, `sku_code`, `version`, `is_deleted`, `created_by`, `updated_by`, `created_at`, `updated_at`) VALUES (30, 5, '黑色-12GB+256GB', '//img14.360buyimg.com/n4/jfs/t1/105870/29/34188/45051/63773538Ef9ac0221/393261931108d053.jpg', 3499.00, 3499.00, '2#1-8&4-10', 1, 0, '', '', '2022-11-22 17:52:23', '2022-11-22 17:57:56');
INSERT INTO `pms_sku` (`id`, `spu_id`, `sku_name`, `sku_img`, `sale_price`, `promotion_price`, `sku_code`, `version`, `is_deleted`, `created_by`, `updated_by`, `created_at`, `updated_at`) VALUES (31, 5, '蓝色-8GB+128GB', '//img14.360buyimg.com/n4/jfs/t1/91127/17/30168/114964/62c2c075E7a2205af/4ef1daa8639dec8a.jpg', 2999.00, 2999.00, '2#1-4&4-9', 1, 0, '', '', '2022-11-22 17:52:23', '2022-11-22 17:58:23');
INSERT INTO `pms_sku` (`id`, `spu_id`, `sku_name`, `sku_img`, `sale_price`, `promotion_price`, `sku_code`, `version`, `is_deleted`, `created_by`, `updated_by`, `created_at`, `updated_at`) VALUES (32, 5, '蓝色-12GB+256GB', '//img14.360buyimg.com/n4/jfs/t1/15317/3/19794/43087/6377356aE3e68ed19/5f6d2f5896a7437f.jpg', 3499.00, 3499.00, '2#1-4&4-10', 1, 0, '', '', '2022-11-22 17:52:23', '2022-11-22 17:58:28');
INSERT INTO `pms_sku` (`id`, `spu_id`, `sku_name`, `sku_img`, `sale_price`, `promotion_price`, `sku_code`, `version`, `is_deleted`, `created_by`, `updated_by`, `created_at`, `updated_at`) VALUES (33, 6, '黑色-8GB+128GB', '//img14.360buyimg.com/n4/jfs/t1/49163/19/19978/102423/62c2bff3E12cb0983/402165a7bf2c84e5.jpg', 2999.00, 2999.00, '2#1-8&4-9', 1, 0, '', '', '2022-11-22 17:52:23', '2022-11-22 17:57:51');
INSERT INTO `pms_sku` (`id`, `spu_id`, `sku_name`, `sku_img`, `sale_price`, `promotion_price`, `sku_code`, `version`, `is_deleted`, `created_by`, `updated_by`, `created_at`, `updated_at`) VALUES (34, 6, '黑色-12GB+256GB', '//img14.360buyimg.com/n4/jfs/t1/105870/29/34188/45051/63773538Ef9ac0221/393261931108d053.jpg', 3499.00, 3499.00, '2#1-8&4-10', 1, 0, '', '', '2022-11-22 17:52:23', '2022-11-22 17:57:56');
INSERT INTO `pms_sku` (`id`, `spu_id`, `sku_name`, `sku_img`, `sale_price`, `promotion_price`, `sku_code`, `version`, `is_deleted`, `created_by`, `updated_by`, `created_at`, `updated_at`) VALUES (35, 6, '蓝色-8GB+128GB', '//img14.360buyimg.com/n4/jfs/t1/91127/17/30168/114964/62c2c075E7a2205af/4ef1daa8639dec8a.jpg', 2999.00, 2999.00, '2#1-4&4-9', 1, 0, '', '', '2022-11-22 17:52:23', '2022-11-22 17:58:23');
INSERT INTO `pms_sku` (`id`, `spu_id`, `sku_name`, `sku_img`, `sale_price`, `promotion_price`, `sku_code`, `version`, `is_deleted`, `created_by`, `updated_by`, `created_at`, `updated_at`) VALUES (36, 6, '蓝色-12GB+256GB', '//img14.360buyimg.com/n4/jfs/t1/15317/3/19794/43087/6377356aE3e68ed19/5f6d2f5896a7437f.jpg', 3499.00, 3499.00, '2#1-4&4-10', 1, 0, '', '', '2022-11-22 17:52:23', '2022-11-22 17:58:28');
INSERT INTO `pms_sku` (`id`, `spu_id`, `sku_name`, `sku_img`, `sale_price`, `promotion_price`, `sku_code`, `version`, `is_deleted`, `created_by`, `updated_by`, `created_at`, `updated_at`) VALUES (37, 7, '黑色-8GB+128GB', '//img14.360buyimg.com/n4/jfs/t1/49163/19/19978/102423/62c2bff3E12cb0983/402165a7bf2c84e5.jpg', 2999.00, 2999.00, '2#1-8&4-9', 1, 0, '', '', '2022-11-22 17:52:23', '2022-11-22 17:57:51');
INSERT INTO `pms_sku` (`id`, `spu_id`, `sku_name`, `sku_img`, `sale_price`, `promotion_price`, `sku_code`, `version`, `is_deleted`, `created_by`, `updated_by`, `created_at`, `updated_at`) VALUES (38, 7, '黑色-12GB+256GB', '//img14.360buyimg.com/n4/jfs/t1/105870/29/34188/45051/63773538Ef9ac0221/393261931108d053.jpg', 3499.00, 3499.00, '2#1-8&4-10', 1, 0, '', '', '2022-11-22 17:52:23', '2022-11-22 17:57:56');
INSERT INTO `pms_sku` (`id`, `spu_id`, `sku_name`, `sku_img`, `sale_price`, `promotion_price`, `sku_code`, `version`, `is_deleted`, `created_by`, `updated_by`, `created_at`, `updated_at`) VALUES (39, 7, '蓝色-8GB+128GB', '//img14.360buyimg.com/n4/jfs/t1/91127/17/30168/114964/62c2c075E7a2205af/4ef1daa8639dec8a.jpg', 2999.00, 2999.00, '2#1-4&4-9', 1, 0, '', '', '2022-11-22 17:52:23', '2022-11-22 17:58:23');
INSERT INTO `pms_sku` (`id`, `spu_id`, `sku_name`, `sku_img`, `sale_price`, `promotion_price`, `sku_code`, `version`, `is_deleted`, `created_by`, `updated_by`, `created_at`, `updated_at`) VALUES (40, 7, '蓝色-12GB+256GB', '//img14.360buyimg.com/n4/jfs/t1/15317/3/19794/43087/6377356aE3e68ed19/5f6d2f5896a7437f.jpg', 3499.00, 3499.00, '2#1-4&4-10', 1, 0, '', '', '2022-11-22 17:52:23', '2022-11-22 17:58:28');
INSERT INTO `pms_sku` (`id`, `spu_id`, `sku_name`, `sku_img`, `sale_price`, `promotion_price`, `sku_code`, `version`, `is_deleted`, `created_by`, `updated_by`, `created_at`, `updated_at`) VALUES (41, 8, '黑色-8GB+128GB', '//img14.360buyimg.com/n4/jfs/t1/49163/19/19978/102423/62c2bff3E12cb0983/402165a7bf2c84e5.jpg', 2999.00, 2999.00, '2#1-8&4-9', 1, 0, '', '', '2022-11-22 17:52:23', '2022-11-22 17:57:51');
INSERT INTO `pms_sku` (`id`, `spu_id`, `sku_name`, `sku_img`, `sale_price`, `promotion_price`, `sku_code`, `version`, `is_deleted`, `created_by`, `updated_by`, `created_at`, `updated_at`) VALUES (42, 8, '黑色-12GB+256GB', '//img14.360buyimg.com/n4/jfs/t1/105870/29/34188/45051/63773538Ef9ac0221/393261931108d053.jpg', 3499.00, 3499.00, '2#1-8&4-10', 1, 0, '', '', '2022-11-22 17:52:23', '2022-11-22 17:57:56');
INSERT INTO `pms_sku` (`id`, `spu_id`, `sku_name`, `sku_img`, `sale_price`, `promotion_price`, `sku_code`, `version`, `is_deleted`, `created_by`, `updated_by`, `created_at`, `updated_at`) VALUES (43, 8, '蓝色-8GB+128GB', '//img14.360buyimg.com/n4/jfs/t1/91127/17/30168/114964/62c2c075E7a2205af/4ef1daa8639dec8a.jpg', 2999.00, 2999.00, '2#1-4&4-9', 1, 0, '', '', '2022-11-22 17:52:23', '2022-11-22 17:58:23');
INSERT INTO `pms_sku` (`id`, `spu_id`, `sku_name`, `sku_img`, `sale_price`, `promotion_price`, `sku_code`, `version`, `is_deleted`, `created_by`, `updated_by`, `created_at`, `updated_at`) VALUES (44, 8, '蓝色-12GB+256GB', '//img14.360buyimg.com/n4/jfs/t1/15317/3/19794/43087/6377356aE3e68ed19/5f6d2f5896a7437f.jpg', 3499.00, 3499.00, '2#1-4&4-10', 1, 0, '', '', '2022-11-22 17:52:23', '2022-11-22 17:58:28');
INSERT INTO `pms_sku` (`id`, `spu_id`, `sku_name`, `sku_img`, `sale_price`, `promotion_price`, `sku_code`, `version`, `is_deleted`, `created_by`, `updated_by`, `created_at`, `updated_at`) VALUES (45, 9, '黑色-8GB+128GB', '//img14.360buyimg.com/n4/jfs/t1/49163/19/19978/102423/62c2bff3E12cb0983/402165a7bf2c84e5.jpg', 2999.00, 2999.00, '2#1-8&4-9', 1, 0, '', '', '2022-11-22 17:52:23', '2022-11-22 17:57:51');
INSERT INTO `pms_sku` (`id`, `spu_id`, `sku_name`, `sku_img`, `sale_price`, `promotion_price`, `sku_code`, `version`, `is_deleted`, `created_by`, `updated_by`, `created_at`, `updated_at`) VALUES (46, 9, '黑色-12GB+256GB', '//img14.360buyimg.com/n4/jfs/t1/105870/29/34188/45051/63773538Ef9ac0221/393261931108d053.jpg', 3499.00, 3499.00, '2#1-8&4-10', 1, 0, '', '', '2022-11-22 17:52:23', '2022-11-22 17:57:56');
INSERT INTO `pms_sku` (`id`, `spu_id`, `sku_name`, `sku_img`, `sale_price`, `promotion_price`, `sku_code`, `version`, `is_deleted`, `created_by`, `updated_by`, `created_at`, `updated_at`) VALUES (47, 9, '蓝色-8GB+128GB', '//img14.360buyimg.com/n4/jfs/t1/91127/17/30168/114964/62c2c075E7a2205af/4ef1daa8639dec8a.jpg', 2999.00, 2999.00, '2#1-4&4-9', 1, 0, '', '', '2022-11-22 17:52:23', '2022-11-22 17:58:23');
INSERT INTO `pms_sku` (`id`, `spu_id`, `sku_name`, `sku_img`, `sale_price`, `promotion_price`, `sku_code`, `version`, `is_deleted`, `created_by`, `updated_by`, `created_at`, `updated_at`) VALUES (48, 9, '蓝色-12GB+256GB', '//img14.360buyimg.com/n4/jfs/t1/15317/3/19794/43087/6377356aE3e68ed19/5f6d2f5896a7437f.jpg', 3499.00, 3499.00, '2#1-4&4-10', 1, 0, '', '', '2022-11-22 17:52:23', '2022-11-22 17:58:28');
INSERT INTO `pms_sku` (`id`, `spu_id`, `sku_name`, `sku_img`, `sale_price`, `promotion_price`, `sku_code`, `version`, `is_deleted`, `created_by`, `updated_by`, `created_at`, `updated_at`) VALUES (49, 10, '黑色-8GB+128GB', '//img14.360buyimg.com/n4/jfs/t1/49163/19/19978/102423/62c2bff3E12cb0983/402165a7bf2c84e5.jpg', 2999.00, 2999.00, '2#1-8&4-9', 1, 0, '', '', '2022-11-22 17:52:23', '2022-11-22 17:57:51');
INSERT INTO `pms_sku` (`id`, `spu_id`, `sku_name`, `sku_img`, `sale_price`, `promotion_price`, `sku_code`, `version`, `is_deleted`, `created_by`, `updated_by`, `created_at`, `updated_at`) VALUES (50, 10, '黑色-12GB+256GB', '//img14.360buyimg.com/n4/jfs/t1/105870/29/34188/45051/63773538Ef9ac0221/393261931108d053.jpg', 3499.00, 3499.00, '2#1-8&4-10', 1, 0, '', '', '2022-11-22 17:52:23', '2022-11-22 17:57:56');
INSERT INTO `pms_sku` (`id`, `spu_id`, `sku_name`, `sku_img`, `sale_price`, `promotion_price`, `sku_code`, `version`, `is_deleted`, `created_by`, `updated_by`, `created_at`, `updated_at`) VALUES (51, 10, '蓝色-8GB+128GB', '//img14.360buyimg.com/n4/jfs/t1/91127/17/30168/114964/62c2c075E7a2205af/4ef1daa8639dec8a.jpg', 2999.00, 2999.00, '2#1-4&4-9', 1, 0, '', '', '2022-11-22 17:52:23', '2022-11-22 17:58:23');
INSERT INTO `pms_sku` (`id`, `spu_id`, `sku_name`, `sku_img`, `sale_price`, `promotion_price`, `sku_code`, `version`, `is_deleted`, `created_by`, `updated_by`, `created_at`, `updated_at`) VALUES (52, 10, '蓝色-12GB+256GB', '//img14.360buyimg.com/n4/jfs/t1/15317/3/19794/43087/6377356aE3e68ed19/5f6d2f5896a7437f.jpg', 3499.00, 3499.00, '2#1-4&4-10', 1, 0, '', '', '2022-11-22 17:52:23', '2022-11-22 17:58:28');
INSERT INTO `pms_sku` (`id`, `spu_id`, `sku_name`, `sku_img`, `sale_price`, `promotion_price`, `sku_code`, `version`, `is_deleted`, `created_by`, `updated_by`, `created_at`, `updated_at`) VALUES (53, 11, '黑色-8GB+128GB', '//img14.360buyimg.com/n4/jfs/t1/49163/19/19978/102423/62c2bff3E12cb0983/402165a7bf2c84e5.jpg', 2999.00, 2999.00, '2#1-8&4-9', 1, 0, '', '', '2022-11-22 17:52:23', '2022-11-22 17:57:51');
INSERT INTO `pms_sku` (`id`, `spu_id`, `sku_name`, `sku_img`, `sale_price`, `promotion_price`, `sku_code`, `version`, `is_deleted`, `created_by`, `updated_by`, `created_at`, `updated_at`) VALUES (54, 11, '黑色-12GB+256GB', '//img14.360buyimg.com/n4/jfs/t1/105870/29/34188/45051/63773538Ef9ac0221/393261931108d053.jpg', 3499.00, 3499.00, '2#1-8&4-10', 1, 0, '', '', '2022-11-22 17:52:23', '2022-11-22 17:57:56');
INSERT INTO `pms_sku` (`id`, `spu_id`, `sku_name`, `sku_img`, `sale_price`, `promotion_price`, `sku_code`, `version`, `is_deleted`, `created_by`, `updated_by`, `created_at`, `updated_at`) VALUES (55, 11, '蓝色-8GB+128GB', '//img14.360buyimg.com/n4/jfs/t1/91127/17/30168/114964/62c2c075E7a2205af/4ef1daa8639dec8a.jpg', 2999.00, 2999.00, '2#1-4&4-9', 1, 0, '', '', '2022-11-22 17:52:23', '2022-11-22 17:58:23');
INSERT INTO `pms_sku` (`id`, `spu_id`, `sku_name`, `sku_img`, `sale_price`, `promotion_price`, `sku_code`, `version`, `is_deleted`, `created_by`, `updated_by`, `created_at`, `updated_at`) VALUES (56, 11, '蓝色-12GB+256GB', '//img14.360buyimg.com/n4/jfs/t1/15317/3/19794/43087/6377356aE3e68ed19/5f6d2f5896a7437f.jpg', 3499.00, 3499.00, '2#1-4&4-10', 1, 0, '', '', '2022-11-22 17:52:23', '2022-11-22 17:58:28');
INSERT INTO `pms_sku` (`id`, `spu_id`, `sku_name`, `sku_img`, `sale_price`, `promotion_price`, `sku_code`, `version`, `is_deleted`, `created_by`, `updated_by`, `created_at`, `updated_at`) VALUES (57, 12, '黑色-8GB+128GB', '//img14.360buyimg.com/n4/jfs/t1/49163/19/19978/102423/62c2bff3E12cb0983/402165a7bf2c84e5.jpg', 2999.00, 2999.00, '2#1-8&4-9', 1, 0, '', '', '2022-11-22 17:52:23', '2022-11-22 17:57:51');
INSERT INTO `pms_sku` (`id`, `spu_id`, `sku_name`, `sku_img`, `sale_price`, `promotion_price`, `sku_code`, `version`, `is_deleted`, `created_by`, `updated_by`, `created_at`, `updated_at`) VALUES (58, 12, '黑色-12GB+256GB', '//img14.360buyimg.com/n4/jfs/t1/105870/29/34188/45051/63773538Ef9ac0221/393261931108d053.jpg', 3499.00, 3499.00, '2#1-8&4-10', 1, 0, '', '', '2022-11-22 17:52:23', '2022-11-22 17:57:56');
INSERT INTO `pms_sku` (`id`, `spu_id`, `sku_name`, `sku_img`, `sale_price`, `promotion_price`, `sku_code`, `version`, `is_deleted`, `created_by`, `updated_by`, `created_at`, `updated_at`) VALUES (59, 12, '蓝色-8GB+128GB', '//img14.360buyimg.com/n4/jfs/t1/91127/17/30168/114964/62c2c075E7a2205af/4ef1daa8639dec8a.jpg', 2999.00, 2999.00, '2#1-4&4-9', 1, 0, '', '', '2022-11-22 17:52:23', '2022-11-22 17:58:23');
INSERT INTO `pms_sku` (`id`, `spu_id`, `sku_name`, `sku_img`, `sale_price`, `promotion_price`, `sku_code`, `version`, `is_deleted`, `created_by`, `updated_by`, `created_at`, `updated_at`) VALUES (60, 12, '蓝色-12GB+256GB', '//img14.360buyimg.com/n4/jfs/t1/15317/3/19794/43087/6377356aE3e68ed19/5f6d2f5896a7437f.jpg', 3499.00, 3499.00, '2#1-4&4-10', 1, 0, '', '', '2022-11-22 17:52:23', '2022-11-22 17:58:28');
INSERT INTO `pms_sku` (`id`, `spu_id`, `sku_name`, `sku_img`, `sale_price`, `promotion_price`, `sku_code`, `version`, `is_deleted`, `created_by`, `updated_by`, `created_at`, `updated_at`) VALUES (61, 13, '黑色-8GB+128GB', '//img14.360buyimg.com/n4/jfs/t1/49163/19/19978/102423/62c2bff3E12cb0983/402165a7bf2c84e5.jpg', 2999.00, 2999.00, '2#1-8&4-9', 1, 0, '', '', '2022-11-22 17:52:23', '2022-11-22 17:57:51');
INSERT INTO `pms_sku` (`id`, `spu_id`, `sku_name`, `sku_img`, `sale_price`, `promotion_price`, `sku_code`, `version`, `is_deleted`, `created_by`, `updated_by`, `created_at`, `updated_at`) VALUES (62, 13, '黑色-12GB+256GB', '//img14.360buyimg.com/n4/jfs/t1/105870/29/34188/45051/63773538Ef9ac0221/393261931108d053.jpg', 3499.00, 3499.00, '2#1-8&4-10', 1, 0, '', '', '2022-11-22 17:52:23', '2022-11-22 17:57:56');
INSERT INTO `pms_sku` (`id`, `spu_id`, `sku_name`, `sku_img`, `sale_price`, `promotion_price`, `sku_code`, `version`, `is_deleted`, `created_by`, `updated_by`, `created_at`, `updated_at`) VALUES (63, 13, '蓝色-8GB+128GB', '//img14.360buyimg.com/n4/jfs/t1/91127/17/30168/114964/62c2c075E7a2205af/4ef1daa8639dec8a.jpg', 2999.00, 2999.00, '2#1-4&4-9', 1, 0, '', '', '2022-11-22 17:52:23', '2022-11-22 17:58:23');
INSERT INTO `pms_sku` (`id`, `spu_id`, `sku_name`, `sku_img`, `sale_price`, `promotion_price`, `sku_code`, `version`, `is_deleted`, `created_by`, `updated_by`, `created_at`, `updated_at`) VALUES (64, 13, '蓝色-12GB+256GB', '//img14.360buyimg.com/n4/jfs/t1/15317/3/19794/43087/6377356aE3e68ed19/5f6d2f5896a7437f.jpg', 3499.00, 3499.00, '2#1-4&4-10', 1, 0, '', '', '2022-11-22 17:52:23', '2022-11-22 17:58:28');
INSERT INTO `pms_sku` (`id`, `spu_id`, `sku_name`, `sku_img`, `sale_price`, `promotion_price`, `sku_code`, `version`, `is_deleted`, `created_by`, `updated_by`, `created_at`, `updated_at`) VALUES (65, 14, '黑色-8GB+128GB', '//img14.360buyimg.com/n4/jfs/t1/49163/19/19978/102423/62c2bff3E12cb0983/402165a7bf2c84e5.jpg', 2999.00, 2999.00, '2#1-8&4-9', 1, 0, '', '', '2022-11-22 17:52:23', '2022-11-22 17:57:51');
INSERT INTO `pms_sku` (`id`, `spu_id`, `sku_name`, `sku_img`, `sale_price`, `promotion_price`, `sku_code`, `version`, `is_deleted`, `created_by`, `updated_by`, `created_at`, `updated_at`) VALUES (66, 14, '黑色-12GB+256GB', '//img14.360buyimg.com/n4/jfs/t1/105870/29/34188/45051/63773538Ef9ac0221/393261931108d053.jpg', 3499.00, 3499.00, '2#1-8&4-10', 1, 0, '', '', '2022-11-22 17:52:23', '2022-11-22 17:57:56');
INSERT INTO `pms_sku` (`id`, `spu_id`, `sku_name`, `sku_img`, `sale_price`, `promotion_price`, `sku_code`, `version`, `is_deleted`, `created_by`, `updated_by`, `created_at`, `updated_at`) VALUES (67, 14, '蓝色-8GB+128GB', '//img14.360buyimg.com/n4/jfs/t1/91127/17/30168/114964/62c2c075E7a2205af/4ef1daa8639dec8a.jpg', 2999.00, 2999.00, '2#1-4&4-9', 1, 0, '', '', '2022-11-22 17:52:23', '2022-11-22 17:58:23');
INSERT INTO `pms_sku` (`id`, `spu_id`, `sku_name`, `sku_img`, `sale_price`, `promotion_price`, `sku_code`, `version`, `is_deleted`, `created_by`, `updated_by`, `created_at`, `updated_at`) VALUES (68, 14, '蓝色-12GB+256GB', '//img14.360buyimg.com/n4/jfs/t1/15317/3/19794/43087/6377356aE3e68ed19/5f6d2f5896a7437f.jpg', 3499.00, 3499.00, '2#1-4&4-10', 1, 0, '', '', '2022-11-22 17:52:23', '2022-11-22 17:58:28');
INSERT INTO `pms_sku` (`id`, `spu_id`, `sku_name`, `sku_img`, `sale_price`, `promotion_price`, `sku_code`, `version`, `is_deleted`, `created_by`, `updated_by`, `created_at`, `updated_at`) VALUES (69, 15, '黑色-8GB+128GB', '//img14.360buyimg.com/n4/jfs/t1/49163/19/19978/102423/62c2bff3E12cb0983/402165a7bf2c84e5.jpg', 2999.00, 2999.00, '2#1-8&4-9', 1, 0, '', '', '2022-11-22 17:52:23', '2022-11-22 17:57:51');
INSERT INTO `pms_sku` (`id`, `spu_id`, `sku_name`, `sku_img`, `sale_price`, `promotion_price`, `sku_code`, `version`, `is_deleted`, `created_by`, `updated_by`, `created_at`, `updated_at`) VALUES (70, 15, '黑色-12GB+256GB', '//img14.360buyimg.com/n4/jfs/t1/105870/29/34188/45051/63773538Ef9ac0221/393261931108d053.jpg', 3499.00, 3499.00, '2#1-8&4-10', 1, 0, '', '', '2022-11-22 17:52:23', '2022-11-22 17:57:56');
INSERT INTO `pms_sku` (`id`, `spu_id`, `sku_name`, `sku_img`, `sale_price`, `promotion_price`, `sku_code`, `version`, `is_deleted`, `created_by`, `updated_by`, `created_at`, `updated_at`) VALUES (71, 15, '蓝色-8GB+128GB', '//img14.360buyimg.com/n4/jfs/t1/91127/17/30168/114964/62c2c075E7a2205af/4ef1daa8639dec8a.jpg', 2999.00, 2999.00, '2#1-4&4-9', 1, 0, '', '', '2022-11-22 17:52:23', '2022-11-22 17:58:23');
INSERT INTO `pms_sku` (`id`, `spu_id`, `sku_name`, `sku_img`, `sale_price`, `promotion_price`, `sku_code`, `version`, `is_deleted`, `created_by`, `updated_by`, `created_at`, `updated_at`) VALUES (72, 15, '蓝色-12GB+256GB', '//img14.360buyimg.com/n4/jfs/t1/15317/3/19794/43087/6377356aE3e68ed19/5f6d2f5896a7437f.jpg', 3499.00, 3499.00, '2#1-4&4-10', 1, 0, '', '', '2022-11-22 17:52:23', '2022-11-22 17:58:28');
INSERT INTO `pms_sku` (`id`, `spu_id`, `sku_name`, `sku_img`, `sale_price`, `promotion_price`, `sku_code`, `version`, `is_deleted`, `created_by`, `updated_by`, `created_at`, `updated_at`) VALUES (73, 16, '黑色-8GB+128GB', '//img14.360buyimg.com/n4/jfs/t1/49163/19/19978/102423/62c2bff3E12cb0983/402165a7bf2c84e5.jpg', 2999.00, 2999.00, '2#1-8&4-9', 1, 0, '', '', '2022-11-22 17:52:23', '2022-11-22 17:57:51');
INSERT INTO `pms_sku` (`id`, `spu_id`, `sku_name`, `sku_img`, `sale_price`, `promotion_price`, `sku_code`, `version`, `is_deleted`, `created_by`, `updated_by`, `created_at`, `updated_at`) VALUES (74, 16, '黑色-12GB+256GB', '//img14.360buyimg.com/n4/jfs/t1/105870/29/34188/45051/63773538Ef9ac0221/393261931108d053.jpg', 3499.00, 3499.00, '2#1-8&4-10', 1, 0, '', '', '2022-11-22 17:52:23', '2022-11-22 17:57:56');
INSERT INTO `pms_sku` (`id`, `spu_id`, `sku_name`, `sku_img`, `sale_price`, `promotion_price`, `sku_code`, `version`, `is_deleted`, `created_by`, `updated_by`, `created_at`, `updated_at`) VALUES (75, 16, '蓝色-8GB+128GB', '//img14.360buyimg.com/n4/jfs/t1/91127/17/30168/114964/62c2c075E7a2205af/4ef1daa8639dec8a.jpg', 2999.00, 2999.00, '2#1-4&4-9', 1, 0, '', '', '2022-11-22 17:52:23', '2022-11-22 17:58:23');
INSERT INTO `pms_sku` (`id`, `spu_id`, `sku_name`, `sku_img`, `sale_price`, `promotion_price`, `sku_code`, `version`, `is_deleted`, `created_by`, `updated_by`, `created_at`, `updated_at`) VALUES (76, 16, '蓝色-12GB+256GB', '//img14.360buyimg.com/n4/jfs/t1/15317/3/19794/43087/6377356aE3e68ed19/5f6d2f5896a7437f.jpg', 3499.00, 3499.00, '2#1-4&4-10', 1, 0, '', '', '2022-11-22 17:52:23', '2022-11-22 17:58:28');
INSERT INTO `pms_sku` (`id`, `spu_id`, `sku_name`, `sku_img`, `sale_price`, `promotion_price`, `sku_code`, `version`, `is_deleted`, `created_by`, `updated_by`, `created_at`, `updated_at`) VALUES (77, 17, '黑色-8GB+128GB', '//img14.360buyimg.com/n4/jfs/t1/49163/19/19978/102423/62c2bff3E12cb0983/402165a7bf2c84e5.jpg', 2999.00, 2999.00, '2#1-8&4-9', 1, 0, '', '', '2022-11-22 17:52:23', '2022-11-22 17:57:51');
INSERT INTO `pms_sku` (`id`, `spu_id`, `sku_name`, `sku_img`, `sale_price`, `promotion_price`, `sku_code`, `version`, `is_deleted`, `created_by`, `updated_by`, `created_at`, `updated_at`) VALUES (78, 17, '黑色-12GB+256GB', '//img14.360buyimg.com/n4/jfs/t1/105870/29/34188/45051/63773538Ef9ac0221/393261931108d053.jpg', 3499.00, 3499.00, '2#1-8&4-10', 1, 0, '', '', '2022-11-22 17:52:23', '2022-11-22 17:57:56');
INSERT INTO `pms_sku` (`id`, `spu_id`, `sku_name`, `sku_img`, `sale_price`, `promotion_price`, `sku_code`, `version`, `is_deleted`, `created_by`, `updated_by`, `created_at`, `updated_at`) VALUES (79, 17, '蓝色-8GB+128GB', '//img14.360buyimg.com/n4/jfs/t1/91127/17/30168/114964/62c2c075E7a2205af/4ef1daa8639dec8a.jpg', 2999.00, 2999.00, '2#1-4&4-9', 1, 0, '', '', '2022-11-22 17:52:23', '2022-11-22 17:58:23');
INSERT INTO `pms_sku` (`id`, `spu_id`, `sku_name`, `sku_img`, `sale_price`, `promotion_price`, `sku_code`, `version`, `is_deleted`, `created_by`, `updated_by`, `created_at`, `updated_at`) VALUES (80, 17, '蓝色-12GB+256GB', '//img14.360buyimg.com/n4/jfs/t1/15317/3/19794/43087/6377356aE3e68ed19/5f6d2f5896a7437f.jpg', 3499.00, 3499.00, '2#1-4&4-10', 1, 0, '', '', '2022-11-22 17:52:23', '2022-11-22 17:58:28');



INSERT INTO `pms_category` (`id`, `name`, `parent_id`, `level`, `status`, `sort`, `icon`, `version`, `is_deleted`, `created_by`, `updated_by`, `created_at`, `updated_at`) VALUES (1, '女装', 0, 1, 1, 1, 'https://img30.360buyimg.com/focus/s140x140_jfs/t22363/339/118993634/4757/e360b944/5afd3b10N59c0b179.jpg', 1, 0, '', '', '2022-03-22 17:16:58', '2022-04-06 15:03:52');
INSERT INTO `pms_category` (`id`, `name`, `parent_id`, `level`, `status`, `sort`, `icon`, `version`, `is_deleted`, `created_by`, `updated_by`, `created_at`, `updated_at`) VALUES (2, '男装', 0, 1, 1, 1, 'https://img30.360buyimg.com/focus/s140x140_jfs/t22363/339/118993634/4757/e360b944/5afd3b10N59c0b179.jpg', 1, 0, '', '', '2022-03-22 17:17:06', '2022-04-06 15:03:52');
INSERT INTO `pms_category` (`id`, `name`, `parent_id`, `level`, `status`, `sort`, `icon`, `version`, `is_deleted`, `created_by`, `updated_by`, `created_at`, `updated_at`) VALUES (3, '鞋包', 0, 1, 1, 1, 'https://img30.360buyimg.com/focus/s140x140_jfs/t22363/339/118993634/4757/e360b944/5afd3b10N59c0b179.jpg', 1, 0, '', '', '2022-03-22 17:17:24', '2022-04-06 15:03:52');
INSERT INTO `pms_category` (`id`, `name`, `parent_id`, `level`, `status`, `sort`, `icon`, `version`, `is_deleted`, `created_by`, `updated_by`, `created_at`, `updated_at`) VALUES (4, '数码', 0, 1, 1, 0, 'https://img30.360buyimg.com/focus/s140x140_jfs/t22363/339/118993634/4757/e360b944/5afd3b10N59c0b179.jpg', 1, 0, '', '', '2022-03-22 17:17:34', '2022-04-06 15:05:31');
INSERT INTO `pms_category` (`id`, `name`, `parent_id`, `level`, `status`, `sort`, `icon`, `version`, `is_deleted`, `created_by`, `updated_by`, `created_at`, `updated_at`) VALUES (5, '运动', 0, 1, 1, 1, 'https://img30.360buyimg.com/focus/s140x140_jfs/t22363/339/118993634/4757/e360b944/5afd3b10N59c0b179.jpg', 1, 0, '', '', '2022-03-22 17:17:45', '2022-04-06 15:03:52');
INSERT INTO `pms_category` (`id`, `name`, `parent_id`, `level`, `status`, `sort`, `icon`, `version`, `is_deleted`, `created_by`, `updated_by`, `created_at`, `updated_at`) VALUES (6, '家电', 0, 1, 1, 1, 'https://img30.360buyimg.com/focus/s140x140_jfs/t22363/339/118993634/4757/e360b944/5afd3b10N59c0b179.jpg', 1, 0, '', '', '2022-03-22 17:18:02', '2022-04-06 15:03:52');
INSERT INTO `pms_category` (`id`, `name`, `parent_id`, `level`, `status`, `sort`, `icon`, `version`, `is_deleted`, `created_by`, `updated_by`, `created_at`, `updated_at`) VALUES (7, '食品', 0, 1, 1, 1, 'https://img30.360buyimg.com/focus/s140x140_jfs/t22363/339/118993634/4757/e360b944/5afd3b10N59c0b179.jpg', 1, 0, '', '', '2022-03-22 17:18:19', '2022-04-06 15:03:52');
INSERT INTO `pms_category` (`id`, `name`, `parent_id`, `level`, `status`, `sort`, `icon`, `version`, `is_deleted`, `created_by`, `updated_by`, `created_at`, `updated_at`) VALUES (8, 'T恤', 2, 2, 1, 1, 'https://img30.360buyimg.com/focus/s140x140_jfs/t22363/339/118993634/4757/e360b944/5afd3b10N59c0b179.jpg', 1, 0, '', '', '2022-03-22 17:18:38', '2022-04-06 15:03:52');
INSERT INTO `pms_category` (`id`, `name`, `parent_id`, `level`, `status`, `sort`, `icon`, `version`, `is_deleted`, `created_by`, `updated_by`, `created_at`, `updated_at`) VALUES (9, '牛仔裤', 2, 2, 1, 1, 'https://img14.360buyimg.com/focus/s140x140_jfs/t17728/179/2497043882/41597/2617bac0/5afd3ba2N3d1558c2.jpg', 1, 0, '', '', '2022-03-22 17:18:52', '2022-04-06 15:03:52');
INSERT INTO `pms_category` (`id`, `name`, `parent_id`, `level`, `status`, `sort`, `icon`, `version`, `is_deleted`, `created_by`, `updated_by`, `created_at`, `updated_at`) VALUES (10, '毛衣', 2, 2, 1, 1, 'https://img30.360buyimg.com/focus/s140x140_jfs/t11521/43/2359109103/7025/891ca25d/5a1663a5Nb3503d32.jpg', 1, 0, '', '', '2022-03-22 17:19:05', '2022-04-06 15:03:52');
INSERT INTO `pms_category` (`id`, `name`, `parent_id`, `level`, `status`, `sort`, `icon`, `version`, `is_deleted`, `created_by`, `updated_by`, `created_at`, `updated_at`) VALUES (11, '羽绒服', 2, 2, 1, 1, 'https://img11.360buyimg.com/focus/s140x140_jfs/t1/113567/22/1272/13352/5e966d2fEe2452b62/5082cad35c4d5a08.png', 1, 0, '', '', '2022-03-22 17:19:14', '2022-04-06 15:03:52');
INSERT INTO `pms_category` (`id`, `name`, `parent_id`, `level`, `status`, `sort`, `icon`, `version`, `is_deleted`, `created_by`, `updated_by`, `created_at`, `updated_at`) VALUES (12, '运动鞋', 3, 2, 1, 1, 'https://img30.360buyimg.com/focus/s140x140_jfs/t22363/339/118993634/4757/e360b944/5afd3b10N59c0b179.jpg', 1, 0, '', '', '2022-03-22 17:19:28', '2022-04-06 15:03:52');
INSERT INTO `pms_category` (`id`, `name`, `parent_id`, `level`, `status`, `sort`, `icon`, `version`, `is_deleted`, `created_by`, `updated_by`, `created_at`, `updated_at`) VALUES (13, '拖鞋', 3, 2, 1, 1, 'https://img30.360buyimg.com/focus/s140x140_jfs/t22363/339/118993634/4757/e360b944/5afd3b10N59c0b179.jpg', 1, 0, '', '', '2022-03-22 17:19:38', '2022-04-06 15:03:52');
INSERT INTO `pms_category` (`id`, `name`, `parent_id`, `level`, `status`, `sort`, `icon`, `version`, `is_deleted`, `created_by`, `updated_by`, `created_at`, `updated_at`) VALUES (14, '运动包', 3, 2, 1, 1, 'https://img30.360buyimg.com/focus/s140x140_jfs/t22363/339/118993634/4757/e360b944/5afd3b10N59c0b179.jpg', 1, 0, '', '', '2022-03-22 17:19:49', '2022-04-06 15:03:52');
INSERT INTO `pms_category` (`id`, `name`, `parent_id`, `level`, `status`, `sort`, `icon`, `version`, `is_deleted`, `created_by`, `updated_by`, `created_at`, `updated_at`) VALUES (15, '篮球鞋', 3, 2, 1, 1, 'https://img30.360buyimg.com/focus/s140x140_jfs/t22363/339/118993634/4757/e360b944/5afd3b10N59c0b179.jpg', 1, 0, '', '', '2022-03-22 17:20:05', '2022-04-06 15:03:52');
INSERT INTO `pms_category` (`id`, `name`, `parent_id`, `level`, `status`, `sort`, `icon`, `version`, `is_deleted`, `created_by`, `updated_by`, `created_at`, `updated_at`) VALUES (16, '裙子', 1, 2, 1, 1, 'https://img30.360buyimg.com/focus/s140x140_jfs/t22363/339/118993634/4757/e360b944/5afd3b10N59c0b179.jpg', 1, 0, '', '', '2022-03-23 09:23:43', '2022-04-06 15:03:52');
INSERT INTO `pms_category` (`id`, `name`, `parent_id`, `level`, `status`, `sort`, `icon`, `version`, `is_deleted`, `created_by`, `updated_by`, `created_at`, `updated_at`) VALUES (17, '卫衣', 1, 2, 1, 1, 'https://img30.360buyimg.com/focus/s140x140_jfs/t22363/339/118993634/4757/e360b944/5afd3b10N59c0b179.jpg', 1, 0, '', '', '2022-03-23 09:24:00', '2022-04-06 15:03:52');
INSERT INTO `pms_category` (`id`, `name`, `parent_id`, `level`, `status`, `sort`, `icon`, `version`, `is_deleted`, `created_by`, `updated_by`, `created_at`, `updated_at`) VALUES (18, '短袖', 1, 2, 1, 1, 'https://img30.360buyimg.com/focus/s140x140_jfs/t22363/339/118993634/4757/e360b944/5afd3b10N59c0b179.jpg', 1, 0, '', '', '2022-03-23 09:24:23', '2022-04-06 15:03:52');
INSERT INTO `pms_category` (`id`, `name`, `parent_id`, `level`, `status`, `sort`, `icon`, `version`, `is_deleted`, `created_by`, `updated_by`, `created_at`, `updated_at`) VALUES (19, '手机', 4, 2, 1, 1, 'https://img30.360buyimg.com/focus/s140x140_jfs/t22363/339/118993634/4757/e360b944/5afd3b10N59c0b179.jpg', 1, 0, '', '', '2022-03-23 09:24:38', '2022-04-06 15:03:52');
INSERT INTO `pms_category` (`id`, `name`, `parent_id`, `level`, `status`, `sort`, `icon`, `version`, `is_deleted`, `created_by`, `updated_by`, `created_at`, `updated_at`) VALUES (20, '摄影摄像', 4, 2, 1, 1, 'https://img30.360buyimg.com/focus/s140x140_jfs/t22363/339/118993634/4757/e360b944/5afd3b10N59c0b179.jpg', 1, 0, '', '', '2022-03-23 09:24:53', '2022-04-06 15:06:55');
INSERT INTO `pms_category` (`id`, `name`, `parent_id`, `level`, `status`, `sort`, `icon`, `version`, `is_deleted`, `created_by`, `updated_by`, `created_at`, `updated_at`) VALUES (21, '连衣裙', 16, 3, 1, 1, 'https://img30.360buyimg.com/focus/s140x140_jfs/t20650/329/121345002/12836/472a35c2/5afd3badN235377a2.jpg', 1, 0, '', '', '2022-03-23 09:25:20', '2022-04-06 15:03:52');
INSERT INTO `pms_category` (`id`, `name`, `parent_id`, `level`, `status`, `sort`, `icon`, `version`, `is_deleted`, `created_by`, `updated_by`, `created_at`, `updated_at`) VALUES (22, '短裙', 16, 3, 1, 1, 'https://img10.360buyimg.com/focus/s140x140_jfs/t18550/252/2577078754/24352/db189645/5afd3ba8N9c3a0301.jpg', 1, 0, '', '', '2022-03-23 09:25:27', '2022-04-06 15:03:52');
INSERT INTO `pms_category` (`id`, `name`, `parent_id`, `level`, `status`, `sort`, `icon`, `version`, `is_deleted`, `created_by`, `updated_by`, `created_at`, `updated_at`) VALUES (23, '翻盖手机', 19, 3, 1, 1, 'https://img30.360buyimg.com/focus/s140x140_jfs/t13255/192/958298391/1687/5c7e3c53/5a169204Nd4aa27bb.jpg', 1, 0, '', '', '2022-03-23 09:25:42', '2022-04-08 09:43:34');
INSERT INTO `pms_category` (`id`, `name`, `parent_id`, `level`, `status`, `sort`, `icon`, `version`, `is_deleted`, `created_by`, `updated_by`, `created_at`, `updated_at`) VALUES (24, '触屏手机', 19, 3, 1, 1, 'https://img30.360buyimg.com/focus/s140x140_jfs/t18955/187/1309277884/11517/fe100782/5ac48d27N3f5bb821.jpg', 1, 0, '', '', '2022-03-23 09:25:52', '2022-04-08 09:43:34');
INSERT INTO `pms_category` (`id`, `name`, `parent_id`, `level`, `status`, `sort`, `icon`, `version`, `is_deleted`, `created_by`, `updated_by`, `created_at`, `updated_at`) VALUES (25, '键盘手机', 19, 3, 1, 1, 'https://img13.360buyimg.com/focus/s140x140_jfs/t1/109596/11/7650/2742/5e5f1074E76a2364e/09b2b19f13691c60.jpg', 1, 0, '', '', '2022-03-23 09:26:02', '2022-04-08 09:43:34');
INSERT INTO `pms_category` (`id`, `name`, `parent_id`, `level`, `status`, `sort`, `icon`, `version`, `is_deleted`, `created_by`, `updated_by`, `created_at`, `updated_at`) VALUES (33, '长裙', 16, 3, 1, 1, 'https://img10.360buyimg.com/focus/s140x140_jfs/t18550/252/2577078754/24352/db189645/5afd3ba8N9c3a0301.jpg', 1, 0, '', '', '2022-03-23 12:09:07', '2022-04-06 14:47:26');
INSERT INTO `pms_category` (`id`, `name`, `parent_id`, `level`, `status`, `sort`, `icon`, `version`, `is_deleted`, `created_by`, `updated_by`, `created_at`, `updated_at`) VALUES (35, '母婴', 0, 1, 1, 1, 'https://img30.360buyimg.com/focus/s140x140_jfs/t22363/339/118993634/4757/e360b944/5afd3b10N59c0b179.jpg', 1, 0, '', '', '2022-04-06 14:43:18', '2022-04-06 15:03:52');
INSERT INTO `pms_category` (`id`, `name`, `parent_id`, `level`, `status`, `sort`, `icon`, `version`, `is_deleted`, `created_by`, `updated_by`, `created_at`, `updated_at`) VALUES (36, '珠宝', 0, 1, 1, 1, 'https://img30.360buyimg.com/focus/s140x140_jfs/t22363/339/118993634/4757/e360b944/5afd3b10N59c0b179.jpg', 1, 0, '', '', '2022-04-06 14:43:45', '2022-04-06 15:03:52');
INSERT INTO `pms_category` (`id`, `name`, `parent_id`, `level`, `status`, `sort`, `icon`, `version`, `is_deleted`, `created_by`, `updated_by`, `created_at`, `updated_at`) VALUES (37, '汽车用品', 0, 1, 1, 1, 'https://img30.360buyimg.com/focus/s140x140_jfs/t22363/339/118993634/4757/e360b944/5afd3b10N59c0b179.jpg', 1, 0, '', '', '2022-04-06 14:43:54', '2022-04-06 15:03:52');
INSERT INTO `pms_category` (`id`, `name`, `parent_id`, `level`, `status`, `sort`, `icon`, `version`, `is_deleted`, `created_by`, `updated_by`, `created_at`, `updated_at`) VALUES (38, '运动健康', 0, 1, 1, 1, 'https://img30.360buyimg.com/focus/s140x140_jfs/t22363/339/118993634/4757/e360b944/5afd3b10N59c0b179.jpg', 1, 0, '', '', '2022-04-06 14:44:00', '2022-04-06 15:03:52');
INSERT INTO `pms_category` (`id`, `name`, `parent_id`, `level`, `status`, `sort`, `icon`, `version`, `is_deleted`, `created_by`, `updated_by`, `created_at`, `updated_at`) VALUES (39, '玩具乐器', 0, 1, 1, 1, 'https://img30.360buyimg.com/focus/s140x140_jfs/t22363/339/118993634/4757/e360b944/5afd3b10N59c0b179.jpg', 1, 0, '', '', '2022-04-06 14:44:09', '2022-04-06 15:03:52');
INSERT INTO `pms_category` (`id`, `name`, `parent_id`, `level`, `status`, `sort`, `icon`, `version`, `is_deleted`, `created_by`, `updated_by`, `created_at`, `updated_at`) VALUES (40, '整车', 0, 1, 1, 1, 'https://img30.360buyimg.com/focus/s140x140_jfs/t22363/339/118993634/4757/e360b944/5afd3b10N59c0b179.jpg', 1, 0, '', '', '2022-04-06 14:44:29', '2022-04-06 15:03:52');
INSERT INTO `pms_category` (`id`, `name`, `parent_id`, `level`, `status`, `sort`, `icon`, `version`, `is_deleted`, `created_by`, `updated_by`, `created_at`, `updated_at`) VALUES (41, '图书', 0, 1, 1, 1, 'https://img30.360buyimg.com/focus/s140x140_jfs/t22363/339/118993634/4757/e360b944/5afd3b10N59c0b179.jpg', 1, 0, '', '', '2022-04-06 14:44:32', '2022-04-06 15:03:52');
INSERT INTO `pms_category` (`id`, `name`, `parent_id`, `level`, `status`, `sort`, `icon`, `version`, `is_deleted`, `created_by`, `updated_by`, `created_at`, `updated_at`) VALUES (42, '厨具', 0, 1, 1, 1, 'https://img30.360buyimg.com/focus/s140x140_jfs/t22363/339/118993634/4757/e360b944/5afd3b10N59c0b179.jpg', 1, 0, '', '', '2022-04-06 14:44:43', '2022-04-06 15:03:52');
INSERT INTO `pms_category` (`id`, `name`, `parent_id`, `level`, `status`, `sort`, `icon`, `version`, `is_deleted`, `created_by`, `updated_by`, `created_at`, `updated_at`) VALUES (43, '个护化妆', 0, 1, 1, 1, 'https://img30.360buyimg.com/focus/s140x140_jfs/t22363/339/118993634/4757/e360b944/5afd3b10N59c0b179.jpg', 1, 0, '', '', '2022-04-06 14:44:51', '2022-04-06 15:03:52');
INSERT INTO `pms_category` (`id`, `name`, `parent_id`, `level`, `status`, `sort`, `icon`, `version`, `is_deleted`, `created_by`, `updated_by`, `created_at`, `updated_at`) VALUES (44, '服饰内衣', 0, 1, 1, 1, 'https://img30.360buyimg.com/focus/s140x140_jfs/t22363/339/118993634/4757/e360b944/5afd3b10N59c0b179.jpg', 1, 0, '', '', '2022-04-06 14:45:01', '2022-04-06 15:03:52');
INSERT INTO `pms_category` (`id`, `name`, `parent_id`, `level`, `status`, `sort`, `icon`, `version`, `is_deleted`, `created_by`, `updated_by`, `created_at`, `updated_at`) VALUES (45, '钟表', 0, 1, 1, 1, 'https://img30.360buyimg.com/focus/s140x140_jfs/t22363/339/118993634/4757/e360b944/5afd3b10N59c0b179.jpg', 1, 0, '', '', '2022-04-06 14:45:07', '2022-04-06 15:03:52');
INSERT INTO `pms_category` (`id`, `name`, `parent_id`, `level`, `status`, `sort`, `icon`, `version`, `is_deleted`, `created_by`, `updated_by`, `created_at`, `updated_at`) VALUES (46, '生活', 0, 1, 1, 1, 'https://img30.360buyimg.com/focus/s140x140_jfs/t22363/339/118993634/4757/e360b944/5afd3b10N59c0b179.jpg', 1, 0, '', '', '2022-04-06 14:52:26', '2022-04-06 15:03:52');
INSERT INTO `pms_category` (`id`, `name`, `parent_id`, `level`, `status`, `sort`, `icon`, `version`, `is_deleted`, `created_by`, `updated_by`, `created_at`, `updated_at`) VALUES (47, '教育', 0, 1, 1, 1, 'https://img30.360buyimg.com/focus/s140x140_jfs/t22363/339/118993634/4757/e360b944/5afd3b10N59c0b179.jpg', 1, 0, '', '', '2022-04-06 14:52:33', '2022-04-06 15:03:52');
INSERT INTO `pms_category` (`id`, `name`, `parent_id`, `level`, `status`, `sort`, `icon`, `version`, `is_deleted`, `created_by`, `updated_by`, `created_at`, `updated_at`) VALUES (48, '人文社科', 0, 1, 1, 1, 'https://img30.360buyimg.com/focus/s140x140_jfs/t22363/339/118993634/4757/e360b944/5afd3b10N59c0b179.jpg', 1, 0, '', '', '2022-04-06 14:52:40', '2022-04-06 15:03:52');
INSERT INTO `pms_category` (`id`, `name`, `parent_id`, `level`, `status`, `sort`, `icon`, `version`, `is_deleted`, `created_by`, `updated_by`, `created_at`, `updated_at`) VALUES (49, '文具', 0, 1, 1, 1, 'https://img30.360buyimg.com/focus/s140x140_jfs/t22363/339/118993634/4757/e360b944/5afd3b10N59c0b179.jpg', 1, 0, '', '', '2022-04-06 14:53:04', '2022-04-06 15:03:52');
INSERT INTO `pms_category` (`id`, `name`, `parent_id`, `level`, `status`, `sort`, `icon`, `version`, `is_deleted`, `created_by`, `updated_by`, `created_at`, `updated_at`) VALUES (50, '点卡', 0, 1, 1, 1, 'https://img30.360buyimg.com/focus/s140x140_jfs/t22363/339/118993634/4757/e360b944/5afd3b10N59c0b179.jpg', 1, 0, '', '', '2022-04-06 14:53:16', '2022-04-06 15:03:52');
INSERT INTO `pms_category` (`id`, `name`, `parent_id`, `level`, `status`, `sort`, `icon`, `version`, `is_deleted`, `created_by`, `updated_by`, `created_at`, `updated_at`) VALUES (51, '二手', 0, 1, 1, 1, 'https://img30.360buyimg.com/focus/s140x140_jfs/t22363/339/118993634/4757/e360b944/5afd3b10N59c0b179.jpg', 1, 0, '', '', '2022-04-06 14:53:27', '2022-04-06 15:03:52');
INSERT INTO `pms_category` (`id`, `name`, `parent_id`, `level`, `status`, `sort`, `icon`, `version`, `is_deleted`, `created_by`, `updated_by`, `created_at`, `updated_at`) VALUES (52, '数码配件', 4, 2, 1, 2, NULL, 1, 0, '', '', '2022-04-06 15:08:04', '2022-04-06 15:09:55');
INSERT INTO `pms_category` (`id`, `name`, `parent_id`, `level`, `status`, `sort`, `icon`, `version`, `is_deleted`, `created_by`, `updated_by`, `created_at`, `updated_at`) VALUES (53, '智能设备', 4, 2, 1, 3, NULL, 1, 0, '', '', '2022-04-06 15:08:19', '2022-04-06 15:09:57');
INSERT INTO `pms_category` (`id`, `name`, `parent_id`, `level`, `status`, `sort`, `icon`, `version`, `is_deleted`, `created_by`, `updated_by`, `created_at`, `updated_at`) VALUES (54, '电子教育', 4, 2, 1, 4, NULL, 1, 0, '', '', '2022-04-06 15:08:37', '2022-04-06 15:09:58');
INSERT INTO `pms_category` (`id`, `name`, `parent_id`, `level`, `status`, `sort`, `icon`, `version`, `is_deleted`, `created_by`, `updated_by`, `created_at`, `updated_at`) VALUES (55, '虚拟商品', 4, 2, 1, 5, NULL, 1, 0, '', '', '2022-04-06 15:08:47', '2022-04-06 15:10:00');
INSERT INTO `pms_category` (`id`, `name`, `parent_id`, `level`, `status`, `sort`, `icon`, `version`, `is_deleted`, `created_by`, `updated_by`, `created_at`, `updated_at`) VALUES (56, '游戏手机', 19, 3, 1, NULL, 'https://img11.360buyimg.com/focus/s140x140_jfs/t11470/45/2362968077/2689/fb36d9a0/5a169238Nc8f0882b.jpg', 1, 0, '', '', '2022-04-06 15:12:07', '2022-04-08 09:43:34');
INSERT INTO `pms_category` (`id`, `name`, `parent_id`, `level`, `status`, `sort`, `icon`, `version`, `is_deleted`, `created_by`, `updated_by`, `created_at`, `updated_at`) VALUES (57, '单反相机', 20, 3, 1, NULL, 'https://img14.360buyimg.com/focus/s140x140_jfs/t13765/295/926307178/7966/3228af24/5a1679f2Nc2f659b6.jpg', 1, 0, '', '', '2022-04-06 15:13:29', '2022-04-08 09:43:34');
INSERT INTO `pms_category` (`id`, `name`, `parent_id`, `level`, `status`, `sort`, `icon`, `version`, `is_deleted`, `created_by`, `updated_by`, `created_at`, `updated_at`) VALUES (58, '数码相机', 20, 3, 1, NULL, 'https://img20.360buyimg.com/focus/s140x140_jfs/t12814/251/897168610/8107/60a873f/5a1679caNada7f827.jpg', 1, 0, '', '', '2022-04-06 15:13:44', '2022-04-08 09:43:34');
INSERT INTO `pms_category` (`id`, `name`, `parent_id`, `level`, `status`, `sort`, `icon`, `version`, `is_deleted`, `created_by`, `updated_by`, `created_at`, `updated_at`) VALUES (59, '摄像机', 20, 3, 1, NULL, 'https://img30.360buyimg.com/focus/s140x140_jfs/t12859/213/903907037/4465/aad95a43/5a1679daNbea69778.jpg', 1, 0, '', '', '2022-04-06 15:14:02', '2022-04-08 09:43:34');
INSERT INTO `pms_category` (`id`, `name`, `parent_id`, `level`, `status`, `sort`, `icon`, `version`, `is_deleted`, `created_by`, `updated_by`, `created_at`, `updated_at`) VALUES (60, '运动相机', 20, 3, 1, NULL, 'https://img30.360buyimg.com/focus/s140x140_jfs/t13471/257/894155873/9479/7f38d7e/5a1679d5Nfdcfe9bb.jpg', 1, 0, '', '', '2022-04-06 15:14:26', '2022-04-08 09:43:34');
INSERT INTO `pms_category` (`id`, `name`, `parent_id`, `level`, `status`, `sort`, `icon`, `version`, `is_deleted`, `created_by`, `updated_by`, `created_at`, `updated_at`) VALUES (61, '数码配件', 52, 3, 1, NULL, 'https://img12.360buyimg.com/focus/s140x140_jfs/t18055/312/1342501458/9462/4699ed8a/5ac48672N11cf61fe.jpg', 1, 0, '', '', '2022-04-06 15:15:05', '2022-04-08 09:43:34');
INSERT INTO `pms_category` (`id`, `name`, `parent_id`, `level`, `status`, `sort`, `icon`, `version`, `is_deleted`, `created_by`, `updated_by`, `created_at`, `updated_at`) VALUES (62, '存储卡', 52, 3, 1, NULL, 'https://img14.360buyimg.com/focus/s140x140_jfs/t13657/281/912225045/5343/3109ae02/5a167b73Na69aae95.jpg', 1, 0, '', '', '2022-04-06 15:15:12', '2022-04-08 09:43:34');
INSERT INTO `pms_category` (`id`, `name`, `parent_id`, `level`, `status`, `sort`, `icon`, `version`, `is_deleted`, `created_by`, `updated_by`, `created_at`, `updated_at`) VALUES (63, '手机贴膜', 52, 3, 1, NULL, 'https://img11.360buyimg.com/focus/s140x140_jfs/t17548/288/1331085893/6458/52545456/5ac486c6N0c8a93dc.jpg', 1, 0, '', '', '2022-04-06 15:15:23', '2022-04-08 09:43:34');
INSERT INTO `pms_category` (`id`, `name`, `parent_id`, `level`, `status`, `sort`, `icon`, `version`, `is_deleted`, `created_by`, `updated_by`, `created_at`, `updated_at`) VALUES (64, '充电器', 52, 3, 1, NULL, 'https://img11.360buyimg.com/focus/s140x140_jfs/t16774/124/1318736793/3884/cb658723/5ac4874fN6bc007b0.jpg', 1, 0, '', '', '2022-04-06 15:15:32', '2022-04-08 09:43:34');
INSERT INTO `pms_category` (`id`, `name`, `parent_id`, `level`, `status`, `sort`, `icon`, `version`, `is_deleted`, `created_by`, `updated_by`, `created_at`, `updated_at`) VALUES (65, '手机壳', 52, 3, 1, NULL, 'https://img12.360buyimg.com/focus/s140x140_jfs/t1/87174/1/13815/4336/5e5f15e2E103f440f/be8812eec2e74c61.jpg', 1, 0, '', '', '2022-04-06 15:15:39', '2022-04-08 09:43:34');
INSERT INTO `pms_category` (`id`, `name`, `parent_id`, `level`, `status`, `sort`, `icon`, `version`, `is_deleted`, `created_by`, `updated_by`, `created_at`, `updated_at`) VALUES (66, '无线充电器', 52, 3, 1, NULL, 'https://img20.360buyimg.com/focus/s140x140_jfs/t1/88445/17/13789/4506/5e5f15feEf22f8fa4/dc08edc60977b020.jpg', 1, 0, '', '', '2022-04-06 15:15:45', '2022-04-08 09:43:34');
INSERT INTO `pms_category` (`id`, `name`, `parent_id`, `level`, `status`, `sort`, `icon`, `version`, `is_deleted`, `created_by`, `updated_by`, `created_at`, `updated_at`) VALUES (67, '手机转换', 52, 3, 1, NULL, 'https://img13.360buyimg.com/focus/s140x140_jfs/t1/97678/19/13946/1935/5e5f1631E94c6e613/8b0b4c154d39f97a.jpg', 1, 0, '', '', '2022-04-06 15:15:51', '2022-04-08 09:43:34');
INSERT INTO `pms_category` (`id`, `name`, `parent_id`, `level`, `status`, `sort`, `icon`, `version`, `is_deleted`, `created_by`, `updated_by`, `created_at`, `updated_at`) VALUES (68, '老人机', 19, 3, 1, NULL, 'https://img12.360buyimg.com/focus/s140x140_jfs/t11461/339/2354953633/8254/8c8c50d3/5a169217N5d1b842e.jpg', 1, 0, '', '', '2022-04-06 15:33:45', '2022-04-08 09:43:34');
INSERT INTO `pms_category` (`id`, `name`, `parent_id`, `level`, `status`, `sort`, `icon`, `version`, `is_deleted`, `created_by`, `updated_by`, `created_at`, `updated_at`) VALUES (69, '滑盖手机', 19, 3, 1, NULL, 'https://img10.360buyimg.com/focus/s140x140_jfs/t11503/241/2246064496/4783/cea2850e/5a169216N0701c7f1.jpg', 1, 0, '', '', '2022-04-06 15:34:41', '2022-04-08 09:43:34');
INSERT INTO `pms_category` (`id`, `name`, `parent_id`, `level`, `status`, `sort`, `icon`, `version`, `is_deleted`, `created_by`, `updated_by`, `created_at`, `updated_at`) VALUES (70, '微单相机', 20, 3, 1, NULL, 'https://img14.360buyimg.com/focus/s140x140_jfs/t12364/268/939218267/3342/780120ca/5a1679f1N577ba68b.jpg', 1, 0, '', '', '2022-04-06 15:35:14', '2022-04-08 09:43:34');
INSERT INTO `pms_category` (`id`, `name`, `parent_id`, `level`, `status`, `sort`, `icon`, `version`, `is_deleted`, `created_by`, `updated_by`, `created_at`, `updated_at`) VALUES (71, '镜头', 20, 3, 1, NULL, 'https://img30.360buyimg.com/focus/s140x140_jfs/t12154/164/880046972/2880/86b45b51/5a1679b9N42a5f8e5.jpg', 1, 0, '', '', '2022-04-06 15:35:29', '2022-04-08 09:43:34');
INSERT INTO `pms_category` (`id`, `name`, `parent_id`, `level`, `status`, `sort`, `icon`, `version`, `is_deleted`, `created_by`, `updated_by`, `created_at`, `updated_at`) VALUES (72, '智能手环', 53, 3, 1, NULL, 'https://img30.360buyimg.com/focus/s140x140_jfs/t11977/66/2331987943/5747/c47a800b/5a1674a2Nf5dc75c6.jpg', 1, 0, '', '', '2022-04-06 15:37:30', '2022-04-08 09:43:34');
INSERT INTO `pms_category` (`id`, `name`, `parent_id`, `level`, `status`, `sort`, `icon`, `version`, `is_deleted`, `created_by`, `updated_by`, `created_at`, `updated_at`) VALUES (73, '智能手表', 53, 3, 1, NULL, 'https://img11.360buyimg.com/focus/s140x140_jfs/t11800/163/2392976653/6565/a9dc4c3b/5a16749eN34794086.jpg', 1, 0, '', '', '2022-04-06 15:37:39', '2022-04-08 09:43:34');
INSERT INTO `pms_category` (`id`, `name`, `parent_id`, `level`, `status`, `sort`, `icon`, `version`, `is_deleted`, `created_by`, `updated_by`, `created_at`, `updated_at`) VALUES (74, '学生平板', 54, 3, 1, NULL, 'https://img12.360buyimg.com/focus/s140x140_jfs/t11494/97/2366433924/3228/c6827521/5a167302N7103e54c.jpg', 1, 0, '', '', '2022-04-06 15:38:41', '2022-04-08 09:43:34');
INSERT INTO `pms_category` (`id`, `name`, `parent_id`, `level`, `status`, `sort`, `icon`, `version`, `is_deleted`, `created_by`, `updated_by`, `created_at`, `updated_at`) VALUES (75, '电纸书', 54, 3, 1, NULL, 'https://img10.360buyimg.com/focus/s140x140_jfs/t11977/187/2336671981/2658/10749ff6/5a167317Nde2f9a4b.jpg', 1, 0, '', '', '2022-04-06 15:39:03', '2022-04-08 09:43:34');
INSERT INTO `pms_category` (`id`, `name`, `parent_id`, `level`, `status`, `sort`, `icon`, `version`, `is_deleted`, `created_by`, `updated_by`, `created_at`, `updated_at`) VALUES (76, '电子油画', 55, 3, 1, NULL, 'https://img20.360buyimg.com/focus/s140x140_jfs/t15517/1/2397411512/6493/93b84110/5aa65089N0a8e1b95.jpg', 1, 0, '', '', '2022-04-06 15:40:20', '2022-04-08 09:43:34');
INSERT INTO `pms_category` (`id`, `name`, `parent_id`, `level`, `status`, `sort`, `icon`, `version`, `is_deleted`, `created_by`, `updated_by`, `created_at`, `updated_at`) VALUES (77, '版画', 55, 3, 1, NULL, 'https://img30.360buyimg.com/focus/s140x140_jfs/t17182/202/775604307/4147/6abc2305/5aa65084N7ebb4655.jpg', 1, 0, '', '', '2022-04-06 15:41:21', '2022-04-08 09:43:34');
INSERT INTO `pms_category` (`id`, `name`, `parent_id`, `level`, `status`, `sort`, `icon`, `version`, `is_deleted`, `created_by`, `updated_by`, `created_at`, `updated_at`) VALUES (78, '无人机', 53, 3, 1, NULL, 'https://img30.360buyimg.com/focus/s140x140_jfs/t13885/191/891735699/5160/da2bded2/5a16745aN29dedc36.jpg', 1, 0, '', '', '2022-04-06 15:42:26', '2022-04-08 09:43:34');
INSERT INTO `pms_category` (`id`, `name`, `parent_id`, `level`, `status`, `sort`, `icon`, `version`, `is_deleted`, `created_by`, `updated_by`, `created_at`, `updated_at`) VALUES (79, 'VR眼镜', 53, 3, 1, NULL, 'https://img20.360buyimg.com/focus/s140x140_jfs/t13930/266/903222742/3308/8b774f1b/5a167484N0a623a5b.jpg', 1, 0, '', '', '2022-04-06 15:42:45', '2022-04-08 09:43:34');
INSERT INTO `pms_category` (`id`, `name`, `parent_id`, `level`, `status`, `sort`, `icon`, `version`, `is_deleted`, `created_by`, `updated_by`, `created_at`, `updated_at`) VALUES (80, '录音笔', 54, 3, 1, NULL, 'https://img11.360buyimg.com/focus/s140x140_jfs/t13000/167/859650860/3237/a72abbe8/5a167312N33ea5808.jpg', 1, 0, '', '', '2022-04-06 15:43:46', '2022-04-08 09:43:34');


INSERT INTO `pms_brand` (`id`, `chinese_name`, `english_name`, `alias_name`, `first_letter`, `logo`, `description`, `auth_pic`, `location`, `show_status`, `remark`, `sort`, `version`, `is_deleted`, `created_by`, `updated_by`, `created_at`, `updated_at`) VALUES (1, '香蕉', 'BANANA', 'BANANA', 'B', NULL, 'BANANA', 'AA', '香蕉地', 1, NULL, 0, 1, 0, '', '', '2023-05-17 17:10:20', '2023-05-17 17:10:25');
INSERT INTO `pms_brand` (`id`, `chinese_name`, `english_name`, `alias_name`, `first_letter`, `logo`, `description`, `auth_pic`, `location`, `show_status`, `remark`, `sort`, `version`, `is_deleted`, `created_by`, `updated_by`, `created_at`, `updated_at`) VALUES (2, '苹果', 'APPLE', 'APPLE', 'A', NULL, 'APPLE', 'AA', '香蕉地', 1, NULL, 0, 1, 0, '', '', '2023-05-17 17:10:20', '2023-05-17 17:10:25');



INSERT INTO `pms_attribute_value` (`id`, `key_id`, `value`, `version`, `is_deleted`, `created_by`, `updated_by`, `created_at`, `updated_at`) VALUES (1, 1, '午夜色', 1, 0, '', '', '2022-11-21 14:37:46', '2022-11-21 14:37:46');
INSERT INTO `pms_attribute_value` (`id`, `key_id`, `value`, `version`, `is_deleted`, `created_by`, `updated_by`, `created_at`, `updated_at`) VALUES (2, 1, '星光色', 1, 0, '', '', '2022-11-21 14:37:54', '2022-11-21 14:37:54');
INSERT INTO `pms_attribute_value` (`id`, `key_id`, `value`, `version`, `is_deleted`, `created_by`, `updated_by`, `created_at`, `updated_at`) VALUES (3, 1, '紫色', 1, 0, '', '', '2022-11-21 14:37:58', '2022-11-21 14:37:58');
INSERT INTO `pms_attribute_value` (`id`, `key_id`, `value`, `version`, `is_deleted`, `created_by`, `updated_by`, `created_at`, `updated_at`) VALUES (4, 1, '蓝色', 1, 0, '', '', '2022-11-21 14:38:06', '2022-11-21 14:38:06');
INSERT INTO `pms_attribute_value` (`id`, `key_id`, `value`, `version`, `is_deleted`, `created_by`, `updated_by`, `created_at`, `updated_at`) VALUES (5, 1, '红色', 1, 0, '', '', '2022-11-21 14:38:12', '2022-11-21 14:38:12');
INSERT INTO `pms_attribute_value` (`id`, `key_id`, `value`, `version`, `is_deleted`, `created_by`, `updated_by`, `created_at`, `updated_at`) VALUES (6, 2, '128GB', 1, 0, '', '', '2022-11-21 14:38:21', '2022-11-21 14:38:21');
INSERT INTO `pms_attribute_value` (`id`, `key_id`, `value`, `version`, `is_deleted`, `created_by`, `updated_by`, `created_at`, `updated_at`) VALUES (7, 2, '256GB', 1, 0, '', '', '2022-11-21 14:38:30', '2022-11-21 14:38:30');
INSERT INTO `pms_attribute_value` (`id`, `key_id`, `value`, `version`, `is_deleted`, `created_by`, `updated_by`, `created_at`, `updated_at`) VALUES (8, 1, '黑色', 1, 0, '', '', '2022-11-21 15:17:32', '2022-11-21 15:17:32');
INSERT INTO `pms_attribute_value` (`id`, `key_id`, `value`, `version`, `is_deleted`, `created_by`, `updated_by`, `created_at`, `updated_at`) VALUES (9, 4, '8GB+128GB', 1, 0, '', '', '2022-11-21 15:33:57', '2022-11-21 15:33:57');
INSERT INTO `pms_attribute_value` (`id`, `key_id`, `value`, `version`, `is_deleted`, `created_by`, `updated_by`, `created_at`, `updated_at`) VALUES (10, 4, '12GB+256GB', 1, 0, '', '', '2022-11-21 15:34:19', '2022-11-21 15:34:19');


INSERT INTO `pms_attribute_key` (`id`, `name`, `unit`, `standard`, `type`, `version`, `is_deleted`, `created_by`, `updated_by`, `created_at`, `updated_at`) VALUES (1, '颜色', '颜色', 1, 0, 1, NULL, '2022-11-21 14:37:07', '2022-11-21 14:37:07', '2023-05-17 16:31:23', '2023-05-17 16:31:23');
INSERT INTO `pms_attribute_key` (`id`, `name`, `unit`, `standard`, `type`, `version`, `is_deleted`, `created_by`, `updated_by`, `created_at`, `updated_at`) VALUES (2, '内存', 'GB', 1, 0, 1, NULL, '2022-11-21 14:37:16', '2022-11-21 14:37:16', '2023-05-17 16:31:27', '2023-05-17 16:31:27');
INSERT INTO `pms_attribute_key` (`id`, `name`, `unit`, `standard`, `type`, `version`, `is_deleted`, `created_by`, `updated_by`, `created_at`, `updated_at`) VALUES (3, '购买方式', '套餐', 1, 0, 1, NULL, '2022-11-21 14:37:37', '2022-11-21 14:37:37', '2023-05-17 16:31:35', '2023-05-17 16:31:35');
INSERT INTO `pms_attribute_key` (`id`, `name`, `unit`, `standard`, `type`, `version`, `is_deleted`, `created_by`, `updated_by`, `created_at`, `updated_at`) VALUES (4, '版本', 'GB', 1, 0, 1, NULL, '2022-11-21 15:33:09', '2022-11-21 15:33:09', '2023-05-17 16:31:43', '2023-05-17 16:31:43');
INSERT INTO `pms_attribute_key` (`id`, `name`, `unit`, `standard`, `type`, `version`, `is_deleted`, `created_by`, `updated_by`, `created_at`, `updated_at`) VALUES (5, '尺寸', 'cm', 1, 0, 1, NULL, '2022-12-09 18:10:58', '2023-05-17 16:30:48', '2023-05-17 16:32:01', '2023-05-17 16:32:01');


INSERT INTO `pms_spu_key` (`id`, `spu_id`, `key_id`) VALUES (1, 1, 1);
INSERT INTO `pms_spu_key` (`id`, `spu_id`, `key_id`) VALUES (2, 1, 2);
INSERT INTO `pms_spu_key` (`id`, `spu_id`, `key_id`) VALUES (3, 2, 1);
INSERT INTO `pms_spu_key` (`id`, `spu_id`, `key_id`) VALUES (4, 2, 2);



INSERT INTO `pms_spu_attribute` (`id`, `spu_id`, `key_id`, `value_id`) VALUES (1, 1, 1, 1);
INSERT INTO `pms_spu_attribute` (`id`, `spu_id`, `key_id`, `value_id`) VALUES (2, 1, 1, 2);
INSERT INTO `pms_spu_attribute` (`id`, `spu_id`, `key_id`, `value_id`) VALUES (3, 1, 1, 3);
INSERT INTO `pms_spu_attribute` (`id`, `spu_id`, `key_id`, `value_id`) VALUES (4, 1, 1, 4);
INSERT INTO `pms_spu_attribute` (`id`, `spu_id`, `key_id`, `value_id`) VALUES (5, 1, 1, 5);
INSERT INTO `pms_spu_attribute` (`id`, `spu_id`, `key_id`, `value_id`) VALUES (6, 1, 2, 6);
INSERT INTO `pms_spu_attribute` (`id`, `spu_id`, `key_id`, `value_id`) VALUES (7, 1, 2, 7);
INSERT INTO `pms_spu_attribute` (`id`, `spu_id`, `key_id`, `value_id`) VALUES (8, 2, 1, 8);
INSERT INTO `pms_spu_attribute` (`id`, `spu_id`, `key_id`, `value_id`) VALUES (9, 2, 1, 4);
INSERT INTO `pms_spu_attribute` (`id`, `spu_id`, `key_id`, `value_id`) VALUES (10, 2, 4, 9);
INSERT INTO `pms_spu_attribute` (`id`, `spu_id`, `key_id`, `value_id`) VALUES (11, 2, 4, 10);
INSERT INTO `pms_spu_attribute` (`id`, `spu_id`, `key_id`, `value_id`) VALUES (12, 3, 1, 8);
INSERT INTO `pms_spu_attribute` (`id`, `spu_id`, `key_id`, `value_id`) VALUES (13, 3, 1, 4);
INSERT INTO `pms_spu_attribute` (`id`, `spu_id`, `key_id`, `value_id`) VALUES (14, 3, 4, 9);
INSERT INTO `pms_spu_attribute` (`id`, `spu_id`, `key_id`, `value_id`) VALUES (15, 3, 4, 10);
INSERT INTO `pms_spu_attribute` (`id`, `spu_id`, `key_id`, `value_id`) VALUES (16, 4, 1, 8);
INSERT INTO `pms_spu_attribute` (`id`, `spu_id`, `key_id`, `value_id`) VALUES (17, 4, 1, 4);
INSERT INTO `pms_spu_attribute` (`id`, `spu_id`, `key_id`, `value_id`) VALUES (18, 4, 4, 9);
INSERT INTO `pms_spu_attribute` (`id`, `spu_id`, `key_id`, `value_id`) VALUES (19, 4, 4, 10);
INSERT INTO `pms_spu_attribute` (`id`, `spu_id`, `key_id`, `value_id`) VALUES (20, 5, 1, 8);
INSERT INTO `pms_spu_attribute` (`id`, `spu_id`, `key_id`, `value_id`) VALUES (21, 5, 1, 4);
INSERT INTO `pms_spu_attribute` (`id`, `spu_id`, `key_id`, `value_id`) VALUES (22, 5, 4, 9);
INSERT INTO `pms_spu_attribute` (`id`, `spu_id`, `key_id`, `value_id`) VALUES (23, 5, 4, 10);
INSERT INTO `pms_spu_attribute` (`id`, `spu_id`, `key_id`, `value_id`) VALUES (24, 6, 1, 8);
INSERT INTO `pms_spu_attribute` (`id`, `spu_id`, `key_id`, `value_id`) VALUES (25, 6, 1, 4);
INSERT INTO `pms_spu_attribute` (`id`, `spu_id`, `key_id`, `value_id`) VALUES (26, 6, 4, 9);
INSERT INTO `pms_spu_attribute` (`id`, `spu_id`, `key_id`, `value_id`) VALUES (27, 6, 4, 10);
INSERT INTO `pms_spu_attribute` (`id`, `spu_id`, `key_id`, `value_id`) VALUES (28, 7, 1, 8);
INSERT INTO `pms_spu_attribute` (`id`, `spu_id`, `key_id`, `value_id`) VALUES (29, 7, 1, 4);
INSERT INTO `pms_spu_attribute` (`id`, `spu_id`, `key_id`, `value_id`) VALUES (30, 7, 4, 9);
INSERT INTO `pms_spu_attribute` (`id`, `spu_id`, `key_id`, `value_id`) VALUES (31, 7, 4, 10);
INSERT INTO `pms_spu_attribute` (`id`, `spu_id`, `key_id`, `value_id`) VALUES (32, 8, 1, 8);
INSERT INTO `pms_spu_attribute` (`id`, `spu_id`, `key_id`, `value_id`) VALUES (33, 8, 1, 4);
INSERT INTO `pms_spu_attribute` (`id`, `spu_id`, `key_id`, `value_id`) VALUES (34, 8, 4, 9);
INSERT INTO `pms_spu_attribute` (`id`, `spu_id`, `key_id`, `value_id`) VALUES (35, 8, 4, 10);
INSERT INTO `pms_spu_attribute` (`id`, `spu_id`, `key_id`, `value_id`) VALUES (36, 9, 1, 8);
INSERT INTO `pms_spu_attribute` (`id`, `spu_id`, `key_id`, `value_id`) VALUES (37, 9, 1, 4);
INSERT INTO `pms_spu_attribute` (`id`, `spu_id`, `key_id`, `value_id`) VALUES (38, 9, 4, 9);
INSERT INTO `pms_spu_attribute` (`id`, `spu_id`, `key_id`, `value_id`) VALUES (39, 9, 4, 10);
INSERT INTO `pms_spu_attribute` (`id`, `spu_id`, `key_id`, `value_id`) VALUES (40, 10, 1, 8);
INSERT INTO `pms_spu_attribute` (`id`, `spu_id`, `key_id`, `value_id`) VALUES (41, 10, 1, 4);
INSERT INTO `pms_spu_attribute` (`id`, `spu_id`, `key_id`, `value_id`) VALUES (42, 10, 4, 9);
INSERT INTO `pms_spu_attribute` (`id`, `spu_id`, `key_id`, `value_id`) VALUES (43, 10, 4, 10);
INSERT INTO `pms_spu_attribute` (`id`, `spu_id`, `key_id`, `value_id`) VALUES (44, 11, 1, 8);
INSERT INTO `pms_spu_attribute` (`id`, `spu_id`, `key_id`, `value_id`) VALUES (45, 11, 1, 4);
INSERT INTO `pms_spu_attribute` (`id`, `spu_id`, `key_id`, `value_id`) VALUES (46, 11, 4, 9);
INSERT INTO `pms_spu_attribute` (`id`, `spu_id`, `key_id`, `value_id`) VALUES (47, 11, 4, 10);
INSERT INTO `pms_spu_attribute` (`id`, `spu_id`, `key_id`, `value_id`) VALUES (48, 12, 1, 8);
INSERT INTO `pms_spu_attribute` (`id`, `spu_id`, `key_id`, `value_id`) VALUES (49, 12, 1, 4);
INSERT INTO `pms_spu_attribute` (`id`, `spu_id`, `key_id`, `value_id`) VALUES (50, 12, 4, 9);
INSERT INTO `pms_spu_attribute` (`id`, `spu_id`, `key_id`, `value_id`) VALUES (51, 12, 4, 10);
INSERT INTO `pms_spu_attribute` (`id`, `spu_id`, `key_id`, `value_id`) VALUES (52, 13, 1, 8);
INSERT INTO `pms_spu_attribute` (`id`, `spu_id`, `key_id`, `value_id`) VALUES (53, 13, 1, 4);
INSERT INTO `pms_spu_attribute` (`id`, `spu_id`, `key_id`, `value_id`) VALUES (54, 13, 4, 9);
INSERT INTO `pms_spu_attribute` (`id`, `spu_id`, `key_id`, `value_id`) VALUES (55, 13, 4, 10);
INSERT INTO `pms_spu_attribute` (`id`, `spu_id`, `key_id`, `value_id`) VALUES (56, 14, 1, 8);
INSERT INTO `pms_spu_attribute` (`id`, `spu_id`, `key_id`, `value_id`) VALUES (57, 14, 1, 4);
INSERT INTO `pms_spu_attribute` (`id`, `spu_id`, `key_id`, `value_id`) VALUES (58, 14, 4, 9);
INSERT INTO `pms_spu_attribute` (`id`, `spu_id`, `key_id`, `value_id`) VALUES (59, 14, 4, 10);
INSERT INTO `pms_spu_attribute` (`id`, `spu_id`, `key_id`, `value_id`) VALUES (60, 15, 1, 8);
INSERT INTO `pms_spu_attribute` (`id`, `spu_id`, `key_id`, `value_id`) VALUES (61, 15, 1, 4);
INSERT INTO `pms_spu_attribute` (`id`, `spu_id`, `key_id`, `value_id`) VALUES (62, 15, 4, 9);
INSERT INTO `pms_spu_attribute` (`id`, `spu_id`, `key_id`, `value_id`) VALUES (63, 15, 4, 10);
INSERT INTO `pms_spu_attribute` (`id`, `spu_id`, `key_id`, `value_id`) VALUES (64, 16, 1, 8);
INSERT INTO `pms_spu_attribute` (`id`, `spu_id`, `key_id`, `value_id`) VALUES (65, 16, 1, 4);
INSERT INTO `pms_spu_attribute` (`id`, `spu_id`, `key_id`, `value_id`) VALUES (66, 16, 4, 9);
INSERT INTO `pms_spu_attribute` (`id`, `spu_id`, `key_id`, `value_id`) VALUES (67, 16, 4, 10);
INSERT INTO `pms_spu_attribute` (`id`, `spu_id`, `key_id`, `value_id`) VALUES (68, 17, 1, 8);
INSERT INTO `pms_spu_attribute` (`id`, `spu_id`, `key_id`, `value_id`) VALUES (69, 17, 1, 4);
INSERT INTO `pms_spu_attribute` (`id`, `spu_id`, `key_id`, `value_id`) VALUES (70, 17, 4, 9);
INSERT INTO `pms_spu_attribute` (`id`, `spu_id`, `key_id`, `value_id`) VALUES (71, 17, 4, 10);
INSERT INTO `pms_spu_attribute` (`id`, `spu_id`, `key_id`, `value_id`) VALUES (72, 18, 1, 8);
INSERT INTO `pms_spu_attribute` (`id`, `spu_id`, `key_id`, `value_id`) VALUES (73, 18, 1, 4);
INSERT INTO `pms_spu_attribute` (`id`, `spu_id`, `key_id`, `value_id`) VALUES (74, 18, 4, 9);
INSERT INTO `pms_spu_attribute` (`id`, `spu_id`, `key_id`, `value_id`) VALUES (75, 18, 4, 10);



INSERT INTO `pms_spu` (`id`, `name`, `sub_name`, `default_price`, `default_pic`, `pic_list`, `category_id`, `parent_category_id`, `brand_id`, `brand_name`, `delete_status`, `publish_status`, `verify_status`, `package_list`, `default_sku_id`, `version`, `is_deleted`, `created_by`, `updated_by`, `created_at`, `updated_at`) VALUES (1, 'Apple iPhone 15 (A2884) 支持移动联通电信5G 双卡双待手机', '非常好用', 5999.00, '//img10.360buyimg.com/n2/s240x240_jfs/t1/153457/35/9377/80509/5fd3300bEa14f6b0f/f60a95a9f1731200.jpg', '//m.360buyimg.com/mobilecms/s750x750_jfs/t1/203031/12/29450/34184/6377410eE3d586cb7/f68117f493819d55.jpg!q80.dpg,//m.360buyimg.com/mobilecms/s1265x1265_jfs/t1/81216/23/22300/19184/63193a33E5e432a02/974054cbaa7f3577.jpg!q70.dpg.webp,//m.360buyimg.com/mobilecms/s1265x1265_jfs/t1/65151/17/21812/8190/63193a32E207ae634/094db730842b7b9a.jpg!q70.dpg.webp,//m.360buyimg.com/mobilecms/s1265x1265_jfs/t1/35525/18/18993/30344/63193a32E9f4ed7b8/12abefb0b2fc4746.jpg!q70.dpg.webp', 1, 1, 1, '0', 0, NULL, 1, '111', 1, 1, 0, '', '', '2023-05-17 16:21:30', '2023-05-17 16:26:33');
INSERT INTO `pms_spu` (`id`, `name`, `sub_name`, `default_price`, `default_pic`, `pic_list`, `category_id`, `parent_category_id`, `brand_id`, `brand_name`, `delete_status`, `publish_status`, `verify_status`, `package_list`, `default_sku_id`, `version`, `is_deleted`, `created_by`, `updated_by`, `created_at`, `updated_at`) VALUES (2, '手机12 Pro 天玑版 天玑9000+处理器 5000万疾速影像 2K超视感屏 120Hz高刷 67W快充 小米', '非常好用', 3499.00, 'https://img12.360buyimg.com/n2/s270x270_jfs/t1/105870/29/34188/45051/63773538Ef9ac0221/393261931108d053.jpg!q70.webp', '//m.360buyimg.com/mobilecms/s750x750_jfs/t1/105870/29/34188/45051/63773538Ef9ac0221/393261931108d053.jpg!q80.dpg,//m.360buyimg.com/mobilecms/s1265x1265_jfs/t1/223702/39/13661/81261/62c2c081Ef28ed8dd/a9685dab0cd2ae0d.jpg!q70.dpg.webp,//m.360buyimg.com/mobilecms/s1265x1265_jfs/t1/202239/14/24971/83829/62c2c081Efdc786d8/99ff048234cdc974.jpg!q70.dpg.webp,//m.360buyimg.com/mobilecms/s1265x1265_jfs/t1/219202/7/19340/98203/62c2c081Ec32c41bd/ef132223200bda50.jpg!q70.dpg.webp', 1, 1, 1, '0', 0, NULL, 1, '111', 1, 1, 0, '', '', '2023-05-17 16:21:30', '2023-05-17 16:26:33');
INSERT INTO `pms_spu` (`id`, `name`, `sub_name`, `default_price`, `default_pic`, `pic_list`, `category_id`, `parent_category_id`, `brand_id`, `brand_name`, `delete_status`, `publish_status`, `verify_status`, `package_list`, `default_sku_id`, `version`, `is_deleted`, `created_by`, `updated_by`, `created_at`, `updated_at`) VALUES (3, 'Apple MacBook Pro 13英寸 M2 芯片(8核中央处理器 10核图形处理器) ', '非常好用', 13999.00, '//img10.360buyimg.com/n2/s370x370_jfs/t1/190610/17/25727/35590/62b27acdEd861c52d/bb992d328c539da8.jpg!q70.jpg.webp', '//img10.360buyimg.com/n2/s370x370_jfs/t1/190610/17/25727/35590/62b27acdEd861c52d/bb992d328c539da8.jpg!q70.jpg.webp', 1, 1, 1, '0', 0, NULL, 1, '111', 1, 1, 0, '', '', '2023-05-17 16:21:30', '2023-05-17 16:26:33');
INSERT INTO `pms_spu` (`id`, `name`, `sub_name`, `default_price`, `default_pic`, `pic_list`, `category_id`, `parent_category_id`, `brand_id`, `brand_name`, `delete_status`, `publish_status`, `verify_status`, `package_list`, `default_sku_id`, `version`, `is_deleted`, `created_by`, `updated_by`, `created_at`, `updated_at`) VALUES (4, '索尼（SONY）PS5 PlayStation5', '非常好用', 4299.00, '//img12.360buyimg.com/n2/s240x240_jfs/t1/189996/36/345/38000/6088f7efEd448f2ee/cd927c5e2eefa4a6.jpg!q70.jpg.webp', '//img12.360buyimg.com/n2/s240x240_jfs/t1/189996/36/345/38000/6088f7efEd448f2ee/cd927c5e2eefa4a6.jpg!q70.jpg.webp', 1, 1, 1, '0', 0, NULL, 1, '111', 1, 1, 0, '', '', '2023-05-17 16:21:30', '2023-05-17 16:26:33');
INSERT INTO `pms_spu` (`id`, `name`, `sub_name`, `default_price`, `default_pic`, `pic_list`, `category_id`, `parent_category_id`, `brand_id`, `brand_name`, `delete_status`, `publish_status`, `verify_status`, `package_list`, `default_sku_id`, `version`, `is_deleted`, `created_by`, `updated_by`, `created_at`, `updated_at`) VALUES (5, '任天堂 Nintendo Switch 国行续航增强版 NS家用体感游戏机掌机 便携掌上游戏机 红蓝主机', '非常好用', 2099.00, '//img10.360buyimg.com/n2/s240x240_jfs/t1/132878/26/26992/185549/625678c0Ea05b8fd9/9afc374fb122470d.jpg!q70.jpg.webp', '//img10.360buyimg.com/n2/s240x240_jfs/t1/132878/26/26992/185549/625678c0Ea05b8fd9/9afc374fb122470d.jpg!q70.jpg.webp', 1, 1, 1, '0', 0, NULL, 1, '111', 1, 1, 0, '', '', '2023-05-17 16:21:30', '2023-05-17 16:26:33');
INSERT INTO `pms_spu` (`id`, `name`, `sub_name`, `default_price`, `default_pic`, `pic_list`, `category_id`, `parent_category_id`, `brand_id`, `brand_name`, `delete_status`, `publish_status`, `verify_status`, `package_list`, `default_sku_id`, `version`, `is_deleted`, `created_by`, `updated_by`, `created_at`, `updated_at`) VALUES (6, '任天堂 Nintendo Switch Pro手柄 游戏机手柄 NS周边配件', '非常好用', 459.00, 'https://m.360buyimg.com/n1/s440x440_jfs/t1/146639/19/5526/55009/5f36b3a3Ee27f3a87/73c9033a3d3fba00.jpg!q80', 'https://m.360buyimg.com/n1/s440x440_jfs/t1/146639/19/5526/55009/5f36b3a3Ee27f3a87/73c9033a3d3fba00.jpg!q80', 1, 1, 1, '0', 0, NULL, 1, '111', 1, 1, 0, '', '', '2023-05-17 16:21:30', '2023-05-17 16:26:33');
INSERT INTO `pms_spu` (`id`, `name`, `sub_name`, `default_price`, `default_pic`, `pic_list`, `category_id`, `parent_category_id`, `brand_id`, `brand_name`, `delete_status`, `publish_status`, `verify_status`, `package_list`, `default_sku_id`, `version`, `is_deleted`, `created_by`, `updated_by`, `created_at`, `updated_at`) VALUES (7, '美的(Gupao)606升变频一级能效对开双开门家用冰箱京东小家智能风冷无霜BCD-606WKPZM(E)大容量囤货精细储', '非常好用', 5000.00, '//m.360buyimg.com/babel/jfs/t1/133711/18/2828/308431/5ef0d811E30cfe6dc/03f056a18bc4fe51.png', '//m.360buyimg.com/babel/jfs/t1/133711/18/2828/308431/5ef0d811E30cfe6dc/03f056a18bc4fe51.png', 1, 1, 1, '0', 0, NULL, 1, '111', 1, 1, 0, '', '', '2023-05-17 16:21:30', '2023-05-17 16:26:33');
INSERT INTO `pms_spu` (`id`, `name`, `sub_name`, `default_price`, `default_pic`, `pic_list`, `category_id`, `parent_category_id`, `brand_id`, `brand_name`, `delete_status`, `publish_status`, `verify_status`, `package_list`, `default_sku_id`, `version`, `is_deleted`, `created_by`, `updated_by`, `created_at`, `updated_at`) VALUES (8, 'Apple iPad 10.2英寸平板电脑 2021年款', '非常好用', 2599.00, '//m.360buyimg.com/babel/jfs/t1/69891/35/17558/266761/61410dd8Ec8891f45/99a1cbfdf5a1a35b.png', '//m.360buyimg.com/babel/jfs/t1/69891/35/17558/266761/61410dd8Ec8891f45/99a1cbfdf5a1a35b.png', 1, 1, 1, '0', 0, NULL, 1, '111', 1, 1, 0, '', '', '2023-05-17 16:21:30', '2023-05-17 16:26:33');
INSERT INTO `pms_spu` (`id`, `name`, `sub_name`, `default_price`, `default_pic`, `pic_list`, `category_id`, `parent_category_id`, `brand_id`, `brand_name`, `delete_status`, `publish_status`, `verify_status`, `package_list`, `default_sku_id`, `version`, `is_deleted`, `created_by`, `updated_by`, `created_at`, `updated_at`) VALUES (9, '罗技（Logitech） K845 机械键盘 有线游戏键盘 全尺寸 DIY键帽 发光电竞键盘吃鸡键盘 罗技K845（红轴）-童年回忆红白', '非常好用', 359.00, 'https://img10.360buyimg.com/n2/s270x270_jfs/t1/63642/16/22692/135412/63704eb3E630baf9c/a3e90f8523e44eb0.jpg!q70.webp', 'https://img10.360buyimg.com/n2/s270x270_jfs/t1/63642/16/22692/135412/63704eb3E630baf9c/a3e90f8523e44eb0.jpg!q70.webp', 1, 1, 1, '0', 0, NULL, 1, '111', 1, 1, 0, '', '', '2023-05-17 16:21:30', '2023-05-17 16:26:33');
INSERT INTO `pms_spu` (`id`, `name`, `sub_name`, `default_price`, `default_pic`, `pic_list`, `category_id`, `parent_category_id`, `brand_id`, `brand_name`, `delete_status`, `publish_status`, `verify_status`, `package_list`, `default_sku_id`, `version`, `is_deleted`, `created_by`, `updated_by`, `created_at`, `updated_at`) VALUES (10, '凤凰架构:构建可靠的大型分布式系统 1', '非常好用', 359.00, '//img10.360buyimg.com/mobilecms/s360x360_jfs/t1/190840/34/10838/82247/60dc1a9cE88debeda/dd08071310fcf62d.jpg!q70.dpg.webp', '//img10.360buyimg.com/mobilecms/s360x360_jfs/t1/190840/34/10838/82247/60dc1a9cE88debeda/dd08071310fcf62d.jpg!q70.dpg.webp', 1, 1, 1, '0', 0, NULL, 1, '111', 1, 1, 0, '', '', '2023-05-17 16:21:30', '2023-05-17 16:26:34');
INSERT INTO `pms_spu` (`id`, `name`, `sub_name`, `default_price`, `default_pic`, `pic_list`, `category_id`, `parent_category_id`, `brand_id`, `brand_name`, `delete_status`, `publish_status`, `verify_status`, `package_list`, `default_sku_id`, `version`, `is_deleted`, `created_by`, `updated_by`, `created_at`, `updated_at`) VALUES (11, '海信(Hisense) 阅读手机A7经典版 6.7英寸水墨屏 电纸书阅读器 墨水屏 6GB+128GB 全网通5G手机 曜石黑', '非常好用', 1349.00, '//img10.360buyimg.com/mobilecms/s360x360_jfs/t1/49750/34/21810/48804/6373861eE37e913c2/5e06cb37a0beb6f8.jpg!q70.dpg.webp', '//img10.360buyimg.com/mobilecms/s360x360_jfs/t1/49750/34/21810/48804/6373861eE37e913c2/5e06cb37a0beb6f8.jpg!q70.dpg.webp', 1, 1, 1, '0', 0, NULL, 1, '111', 1, 1, 0, '', '', '2023-05-17 16:21:30', '2023-05-17 16:26:34');
INSERT INTO `pms_spu` (`id`, `name`, `sub_name`, `default_price`, `default_pic`, `pic_list`, `category_id`, `parent_category_id`, `brand_id`, `brand_name`, `delete_status`, `publish_status`, `verify_status`, `package_list`, `default_sku_id`, `version`, `is_deleted`, `created_by`, `updated_by`, `created_at`, `updated_at`) VALUES (12, '2022款Apple Mac Studio M1 Max芯片（10核中央处理器 24核图形处理器） 32G 512GB SSD 台式电脑主机MJMV3CH/A', '非常好用', 14999.00, '//img10.360buyimg.com/mobilecms/s360x360_jfs/t1/209511/17/19296/53215/6227bf30Eccc72d8c/2ab71aac8bcff1db.jpg!q70.dpg.webp', '//img10.360buyimg.com/mobilecms/s360x360_jfs/t1/209511/17/19296/53215/6227bf30Eccc72d8c/2ab71aac8bcff1db.jpg!q70.dpg.webp', 1, 1, 1, '0', 0, NULL, 1, '111', 1, 1, 0, '', '', '2023-05-17 16:21:30', '2023-05-17 16:26:34');
INSERT INTO `pms_spu` (`id`, `name`, `sub_name`, `default_price`, `default_pic`, `pic_list`, `category_id`, `parent_category_id`, `brand_id`, `brand_name`, `delete_status`, `publish_status`, `verify_status`, `package_list`, `default_sku_id`, `version`, `is_deleted`, `created_by`, `updated_by`, `created_at`, `updated_at`) VALUES (13, '奥林巴斯（OLYMPUS）E-M10 MarkIV EM10四代 微单相机 数码相机 微单套机', '非常好用', 5499.00, '//img10.360buyimg.com/n2/s240x240_jfs/t1/39369/22/18093/123412/63047cfbE3f9aa06c/2eacbf6d878d1f13.jpg!q70.jpg.webp', '//img10.360buyimg.com/n2/s240x240_jfs/t1/39369/22/18093/123412/63047cfbE3f9aa06c/2eacbf6d878d1f13.jpg!q70.jpg.webp', 1, 1, 1, '0', 0, NULL, 1, '111', 1, 1, 0, '', '', '2023-05-17 16:21:30', '2023-05-17 16:26:34');
INSERT INTO `pms_spu` (`id`, `name`, `sub_name`, `default_price`, `default_pic`, `pic_list`, `category_id`, `parent_category_id`, `brand_id`, `brand_name`, `delete_status`, `publish_status`, `verify_status`, `package_list`, `default_sku_id`, `version`, `is_deleted`, `created_by`, `updated_by`, `created_at`, `updated_at`) VALUES (14, 'HUAWEI 华为 Mate 50 直屏旗舰 超光变XMAGE影像 北斗卫星消息 低电量应急模式', '非常好用', 4999.00, '//img11.360buyimg.com/n2/s240x240_jfs/t1/161463/36/32570/66358/636e661cE6ed2922d/cbcdc33ce6d66663.jpg!q70.jpg.webp', '//img11.360buyimg.com/n2/s240x240_jfs/t1/161463/36/32570/66358/636e661cE6ed2922d/cbcdc33ce6d66663.jpg!q70.jpg.webp', 1, 1, 1, '0', 0, NULL, 1, '111', 1, 1, 0, '', '', '2023-05-17 16:21:30', '2023-05-17 16:26:34');
INSERT INTO `pms_spu` (`id`, `name`, `sub_name`, `default_price`, `default_pic`, `pic_list`, `category_id`, `parent_category_id`, `brand_id`, `brand_name`, `delete_status`, `publish_status`, `verify_status`, `package_list`, `default_sku_id`, `version`, `is_deleted`, `created_by`, `updated_by`, `created_at`, `updated_at`) VALUES (15, 'Redmi K50 小米手机 至尊版 骁龙8+旗舰处理器 1亿像素光学防抖 120W+5000mAh 12GB+512GB 雅黑  红米K50 Ultra', '非常好用', 3699.00, 'https://m.360buyimg.com/n1/s440x440_jfs/t1/1912/4/20246/27513/62f4ff90E02ce0a17/bd58e664eaca1f01.jpg!q80', 'https://m.360buyimg.com/n1/s440x440_jfs/t1/1912/4/20246/27513/62f4ff90E02ce0a17/bd58e664eaca1f01.jpg!q80', 1, 1, 1, '0', 0, NULL, 1, '111', 1, 1, 0, '', '', '2023-05-17 16:21:30', '2023-05-17 16:26:34');
INSERT INTO `pms_spu` (`id`, `name`, `sub_name`, `default_price`, `default_pic`, `pic_list`, `category_id`, `parent_category_id`, `brand_id`, `brand_name`, `delete_status`, `publish_status`, `verify_status`, `package_list`, `default_sku_id`, `version`, `is_deleted`, `created_by`, `updated_by`, `created_at`, `updated_at`) VALUES (16, '米家 小米低音破壁机 迷你豆浆机多功能家用小型 mini智能破壁榨汁机 家用易清洗 低噪轻音 米家APP互联', '非常好用', 289.00, '//img12.360buyimg.com/n7/jfs/t1/8437/26/18392/92326/6343de5bEc77a833a/a30cd4b5363c3de2.jpg', '//m.360buyimg.com/mobilecms/s750x750_jfs/t1/8437/26/18392/92326/6343de5bEc77a833a/a30cd4b5363c3de2.jpg!q80.dpg,//m.360buyimg.com/mobilecms/s1265x1265_jfs/t1/176833/39/27950/94990/630b7957E195ba422/5e5498a0b0462a33.jpg!q70.dpg.webp,//m.360buyimg.com/mobilecms/s1265x1265_jfs/t1/92226/24/31411/63283/630b7956E336d6807/4dde54995717b894.jpg!q70.dpg.webp', 1, 1, 1, '0', 0, NULL, 1, '111', 1, 1, 0, '', '', '2023-05-17 16:21:30', '2023-05-17 16:26:34');
INSERT INTO `pms_spu` (`id`, `name`, `sub_name`, `default_price`, `default_pic`, `pic_list`, `category_id`, `parent_category_id`, `brand_id`, `brand_name`, `delete_status`, `publish_status`, `verify_status`, `package_list`, `default_sku_id`, `version`, `is_deleted`, `created_by`, `updated_by`, `created_at`, `updated_at`) VALUES (17, '十月稻田 黄小米 1kg（小黄米 小米粥 五谷杂粮 粥米 ）', '非常好用', 16.80, 'https://img10.360buyimg.com/n2/s270x270_jfs/t1/201710/14/27934/188005/63411255E5972bdd3/8e1f2a8d048de740.jpg!q70.webp', '//m.360buyimg.com/mobilecms/s750x750_jfs/t1/201710/14/27934/188005/63411255E5972bdd3/8e1f2a8d048de740.jpg!q80.dpg,//m.360buyimg.com/mobilecms/s1265x1265_jfs/t1/202638/6/8296/195573/614fd10bE902eb626/ad90c6dd7fd4979c.jpg!q70.dpg.webp,//m.360buyimg.com/mobilecms/s1265x1265_jfs/t1/211070/40/2211/211551/614fd10bE826cef10/33a70b4d0bd4651e.jpg!q70.dpg.webp,//m.360buyimg.com/mobilecms/s1265x1265_jfs/t1/162430/15/25612/332565/614fd10bE032dce77/29c4c73bd2363ee1.jpg!q70.dpg.webp', 1, 1, 1, '0', 0, NULL, 1, '111', 1, 1, 0, '', '', '2023-05-17 16:21:30', '2023-05-17 16:26:34');


INSERT INTO `pms_sku_stock` (`id`, `sku_id`, `sale_stock_quantity`, `locked_stock_quantity`, `saled_stock_quantity`, `stock_status`, `version`, `is_deleted`, `created_by`, `updated_by`, `created_at`, `updated_at`) VALUES (1, 1, 10, 8, 0, 1, 1, 0, 'gp', 'gp', '2022-11-21 14:35:44', '2023-01-11 17:47:15');
INSERT INTO `pms_sku_stock` (`id`, `sku_id`, `sale_stock_quantity`, `locked_stock_quantity`, `saled_stock_quantity`, `stock_status`, `version`, `is_deleted`, `created_by`, `updated_by`, `created_at`, `updated_at`) VALUES (2, 2, 10, 9, 0, 1, 1, 0, 'gp', 'gp', '2022-11-21 14:35:44', '2023-01-11 17:47:15');
INSERT INTO `pms_sku_stock` (`id`, `sku_id`, `sale_stock_quantity`, `locked_stock_quantity`, `saled_stock_quantity`, `stock_status`, `version`, `is_deleted`, `created_by`, `updated_by`, `created_at`, `updated_at`) VALUES (3, 3, 10, 6, 0, 1, 1, 0, 'gp', 'gp', '2022-11-21 14:35:44', '2022-12-08 15:55:33');
INSERT INTO `pms_sku_stock` (`id`, `sku_id`, `sale_stock_quantity`, `locked_stock_quantity`, `saled_stock_quantity`, `stock_status`, `version`, `is_deleted`, `created_by`, `updated_by`, `created_at`, `updated_at`) VALUES (4, 4, 10, 0, 0, 1, 1, 0, 'gp', 'gp', '2022-11-21 14:35:44', '2022-12-08 15:36:30');
INSERT INTO `pms_sku_stock` (`id`, `sku_id`, `sale_stock_quantity`, `locked_stock_quantity`, `saled_stock_quantity`, `stock_status`, `version`, `is_deleted`, `created_by`, `updated_by`, `created_at`, `updated_at`) VALUES (5, 5, 10, 0, 0, 1, 1, 0, 'gp', 'gp', '2022-11-21 14:35:44', '2022-12-08 15:36:30');
INSERT INTO `pms_sku_stock` (`id`, `sku_id`, `sale_stock_quantity`, `locked_stock_quantity`, `saled_stock_quantity`, `stock_status`, `version`, `is_deleted`, `created_by`, `updated_by`, `created_at`, `updated_at`) VALUES (6, 6, 10, 6, 0, 1, 1, 0, 'gp', 'gp', '2022-11-21 14:35:44', '2022-12-08 15:45:23');
INSERT INTO `pms_sku_stock` (`id`, `sku_id`, `sale_stock_quantity`, `locked_stock_quantity`, `saled_stock_quantity`, `stock_status`, `version`, `is_deleted`, `created_by`, `updated_by`, `created_at`, `updated_at`) VALUES (7, 7, 10, 2, 0, 1, 1, 0, 'gp', 'gp', '2022-11-21 14:35:44', '2023-01-11 22:29:43');
INSERT INTO `pms_sku_stock` (`id`, `sku_id`, `sale_stock_quantity`, `locked_stock_quantity`, `saled_stock_quantity`, `stock_status`, `version`, `is_deleted`, `created_by`, `updated_by`, `created_at`, `updated_at`) VALUES (8, 8, 10, 3, 0, 1, 1, 0, 'gp', 'gp', '2022-11-21 14:35:44', '2022-12-08 17:45:39');
INSERT INTO `pms_sku_stock` (`id`, `sku_id`, `sale_stock_quantity`, `locked_stock_quantity`, `saled_stock_quantity`, `stock_status`, `version`, `is_deleted`, `created_by`, `updated_by`, `created_at`, `updated_at`) VALUES (9, 9, 10, 3, 0, 1, 1, 0, 'gp', 'gp', '2022-11-21 14:35:44', '2022-12-08 17:46:22');
INSERT INTO `pms_sku_stock` (`id`, `sku_id`, `sale_stock_quantity`, `locked_stock_quantity`, `saled_stock_quantity`, `stock_status`, `version`, `is_deleted`, `created_by`, `updated_by`, `created_at`, `updated_at`) VALUES (10, 10, 10, 5, 0, 1, 1, 0, 'gp', 'gp', '2022-11-21 14:35:44', '2022-12-08 17:46:12');
INSERT INTO `pms_sku_stock` (`id`, `sku_id`, `sale_stock_quantity`, `locked_stock_quantity`, `saled_stock_quantity`, `stock_status`, `version`, `is_deleted`, `created_by`, `updated_by`, `created_at`, `updated_at`) VALUES (11, 11, 10, 8, 0, 1, 1, 0, 'gp', 'gp', '2022-11-23 17:55:11', '2023-01-11 17:47:15');
INSERT INTO `pms_sku_stock` (`id`, `sku_id`, `sale_stock_quantity`, `locked_stock_quantity`, `saled_stock_quantity`, `stock_status`, `version`, `is_deleted`, `created_by`, `updated_by`, `created_at`, `updated_at`) VALUES (12, 12, 10, 0, 0, 1, 1, 0, 'gp', 'gp', '2022-11-23 17:55:11', '2022-12-08 15:36:30');
INSERT INTO `pms_sku_stock` (`id`, `sku_id`, `sale_stock_quantity`, `locked_stock_quantity`, `saled_stock_quantity`, `stock_status`, `version`, `is_deleted`, `created_by`, `updated_by`, `created_at`, `updated_at`) VALUES (13, 13, 10, 1, 0, 1, 1, 0, 'gp', 'gp', '2022-11-23 17:55:11', '2023-01-11 17:47:57');
INSERT INTO `pms_sku_stock` (`id`, `sku_id`, `sale_stock_quantity`, `locked_stock_quantity`, `saled_stock_quantity`, `stock_status`, `version`, `is_deleted`, `created_by`, `updated_by`, `created_at`, `updated_at`) VALUES (14, 14, 10, 1, 0, 1, 1, 0, 'gp', 'gp', '2022-11-23 17:55:11', '2022-12-08 16:53:41');


INSERT INTO `pms_sku_attribute` (`id`, `spu_id`, `sku_id`, `key_id`, `value_id`) VALUES (1, 1, 1, 1, 1);
INSERT INTO `pms_sku_attribute` (`id`, `spu_id`, `sku_id`, `key_id`, `value_id`) VALUES (2, 1, 1, 4, 4);
INSERT INTO `pms_sku_attribute` (`id`, `spu_id`, `sku_id`, `key_id`, `value_id`) VALUES (3, 1, 1, 1, 2);
INSERT INTO `pms_sku_attribute` (`id`, `spu_id`, `sku_id`, `key_id`, `value_id`) VALUES (4, 1, 1, 1, 3);
INSERT INTO `pms_sku_attribute` (`id`, `spu_id`, `sku_id`, `key_id`, `value_id`) VALUES (5, 1, 1, 4, 6);
INSERT INTO `pms_sku_attribute` (`id`, `spu_id`, `sku_id`, `key_id`, `value_id`) VALUES (6, 1, 1, 4, 7);
